comment,user_id,user_name,user_level,user_verify
[呆][呆][呆]你来了嘿！,39627524,食贫道,6,0
上去[打call],44199635,海的味道我咋知道,5,-1
捞捞你，太重了,157370942,EasonChhhhhhh,5,-1
抓到饼叔[星星眼],34066028,轮椅老哪吒,6,-1
捞捞[妙啊],249726364,夏佐-QAQ,5,-1
捞捞叔,156013936,莫向外求_97,5,-1
上去吧,517159357,星星一直不说话,4,-1
捞饼叔,37930456,一只幂橘,5,-1
表情太丑了wwww[辣眼睛],23516187,須君,5,-1
捞饼叔！,243687509,李成蹊1999,5,-1
豹王冰冰,179778570,睡不着的云上人,5,-1
[热词系列_知识增加],243695273,补位,5,-1
前排抓饼叔！,328003,-鹿有鸣-,6,-1
我的心是饼饼得[doge][doge][doge][doge][doge][doge][doge][doge][doge][doge][doge][doge][doge],60590385,地表最强小公举吹,5,-1
捞叔!![呆][呆][呆][呆],38009359,就算你知道你也不知道,5,-1
老矣老,356278498,江㵜,4,-1
冰冰和饼饼,359363391,Rose惜年,5,-1
你也来了[doge],449086256,偷喵酱的花椒QAQ,4,-1
你也来凑热闹[doge],509169248,keh浪,4,-1
嘿，野兽来找美女了[doge],199778930,狗狗pa了faker,5,-1
饼叔你来了，[呆][呆][呆][呆],435774098,一个普通的青年,4,-1
饼叔来了[吃瓜],122579935,白嫖大统领,4,-1
这表情绝了[呆],471432607,吃张扬的冰冰,5,-1
抓到饼叔了,509214774,以家子无玩,4,-1
捞,19627445,小安子今天努力了没,5,-1
记得合作啊,20542590,Eason子元君,5,-1
一刷一堆赞，真好玩,105528638,辞月寻忆,5,-1
必捞叔[妙啊],483972026,北陆ya,4,-1
我的心是饼饼的,454588159,自律的二月,4,-1
[呆][呆][呆]饼叔我记得你跟冰冰说过要不这频道你来做得了[滑稽][滑稽],358662940,随便打打12131243,5,-1
谁的心是饼饼的[呆][呆][呆],5924743,directxxxxx,5,-1
捞[W-哈哈],623589482,-西兰不是花-,3,-1
饼饼你来啦,32261155,MONSTER丶kk,5,-1
我的心是饼饼的,37812113,我选择不悔改,5,-1
我的心是饼饼的,28320190,寒丶霜降,5,-1
一刷一赞hhh,197856329,淇名为鲲,5,-1
饼叔配冰冰,123237730,一勺大苏打,5,-1
很快啊[doge],20027426,橘希尔芬福特酱,6,-1
捞叔捞不动,32596941,Def9Infinite,5,-1
[呆][呆][呆][呆],85926562,医生说我很正常丶,5,-1
冰冰要吃火锅！！饼饼给安排上？？GKD GKD！！,369817,bigfishman,6,-1
粉丝很快就会超过你的[doge][doge],57424548,钟秀童子,4,-1
up主觉得很赞,28838439,cLyuu,5,-1
[呆][呆][呆][呆][呆][呆][呆][呆][呆][呆][呆][呆][呆][呆][呆][呆][呆],89207558,-顾小白_,5,-1
回复 @地表最强小公举吹 :兄弟，烂钱不能恰啊,37297137,堃堃小熊,5,-1
一看字母字体 就知道是食贫道团队了hhh,8380015,Victoricaaaaa,6,-1
马上跨年了，祝各位姐夫元旦快乐！,328003,-鹿有鸣-,6,-1
嘿，饼叔[呆],2026561407,吃花椒的喵酱,6,0
饼饼[呆]你来了啊,13078710,辰易Daniel,5,-1
我爱饼饼[爱心],123237730,一勺大苏打,5,-1
冰冰赞饼饼[妙啊],423421182,爱猫的尼尔,5,-1
[呆][呆][呆][呆],14446887,请保持安静哟,5,-1
捞不动,14675779,苏老仙faker,5,-1
叔，你真快！,313483312,文小可同学,5,-1
这表情真像,507191054,嘉_禾,4,-1
几分钟超过你,7748747,小弟系白人,6,-1
以后就没你什么事了[呆],1551272,盼你的鲁鲁修,5,-1
你来辣[doge],20212991,汐语private,5,-1
饼叔来啦,330697632,雪樱飞梦,5,-1
为节目做准备了嘛[doge],37120353,三体神教归零者,5,-1
饼饼我好喜欢你呀[喜欢],8264545,幸福の蔚蓝,6,-1
up主觉得很淦,344888934,歪比且歪比77,3,-1
我的心是冰冰的,100705682,摸诶梅,5,-1
回复 @吃花椒的喵酱 :嗨，喵酱,89207558,-顾小白_,5,-1
捞,29157622,猫南北め,5,-1
回复 @吃花椒的喵酱 :一脸嫌弃哈哈哈哈哈哈哈,260039950,明天上班真开心啊哈哈,5,-1
回复 @吃花椒的喵酱 :捞,29433917,是浮笙呀,4,-1
回复 @吃花椒的喵酱 :嘿，冰冰,503623671,角平分线线,4,-1
回复 @吃花椒的喵酱 :老婆老婆老婆老婆老婆老婆老婆老婆老婆老婆老婆老婆老婆老婆老婆老婆老婆,169672161,一颗莫得灵魂的圣晶石,5,-1
回复 @吃花椒的喵酱 :抱住冰冰,66912500,此外不堪行,5,-1
大开大合,647344,迷失八度,5,-1
回复 @吃花椒的喵酱 :哇,354098934,即逝十四,4,-1
嘿[呆][呆][呆][呆][呆][呆][呆][呆][呆][呆],386624348,爱笑っ猫,5,-1
这叔咋能在评论区发图片[微笑],344256160,超级真新人-傻东西,4,-1
冰冰与饼饼[doge],14194401,張权蛋,5,-1
上热评的热评[滑稽],440577495,林肯公園,4,-1
大开大合，宁来了,629423772,子辞zc,3,-1
感觉冰冰姐的视频风格和叔的很像 是借团队给冰冰姐了吗[doge][doge],351336329,vanacle,5,-1
这肯定是食贫道工作室制作的,940344,zkn1968,6,-1
帮饼叔顶,294249426,hatakin,5,-1
饼饼叔！[呆][呆],493861978,_狗儿_,4,-1
来了来了[呆],184687483,名字足够长才能中大奖,5,-1
回复 @吃花椒的喵酱 :[羞羞]抓住冰冰,437870682,追梦少年小麦,4,-1
嘿，丑！,30980110,愚者自痴,5,-1
老公您来啦[爱心],438116592,口花椒的喵酱,4,-1
[辣眼睛][辣眼睛],470090512,焚天_无夜,4,-1
冰冰我来啦,40557367,钒妳觥,4,-1
我的心是饼饼的。[OK],23822315,夜明记,6,-1
饼叔的那个号可以弃了[OK],315656914,爱吃喵酱的冰棍,5,-1
回复 @吃花椒的喵酱 :冰冰好啊,139278302,向北的路,5,-1
[呆][呆][呆],21801874,可胖胖和张歪歪的日常,5,-1
哈哈哈哈哈哈哈哈哈,237833283,可灰兰羽-莱生,5,-1
刷新一下就是十个赞以上，太强了吧,25850210,秋名山车管所负责人,5,-1
这表情，估计是觉得自己以后要失业了吧[抠鼻],103290938,风闪耀,5,-1
回复 @吃花椒的喵酱 :嘿冰冰[吃瓜],388305143,这个昵称不好吃,5,-1
回复 @吃花椒的喵酱 :灵魂表情冰冰居然知道耶！[doge][doge][doge][doge][doge][妙啊][妙啊][妙啊][妙啊][妙啊],60590385,地表最强小公举吹,5,-1
回复 @吃花椒的喵酱 :嘿，老婆,439362072,樂琞,4,-1
捞一下叔,107823722,昔年欢,5,-1
你这个太牛逼了，我每刷新一下评论，就TM多十多个赞[妙啊],383379896,罗伯特Z_,4,-1
[辣眼睛][辣眼睛][辣眼睛],123885437,拔萝卜喂,3,-1
回复 @吃花椒的喵酱 :很高兴认识你，冰冰，[微笑],67194734,三玖阳菜天下第一,5,-1
[呆]我的心是饼饼的,149036505,红浪漫6号技师,5,-1
看来大家都住在b站,22956180,So日和,5,-1
我的心是饼饼的[呆][呆][呆][呆],31871477,想来想去名字还是短点好,5,-1
叔！！,179033536,四四侑侑,5,-1
[呆][呆][呆]冰冰粉丝数很快就会超过饼饼。,482411213,爱吃胖头鱼的冰冰,4,-1
回复 @吃花椒的喵酱 :冰冰，加油哦，新的一年一起努力工作哦[吃瓜],76857764,忠诚loyal,5,-1
嘿饼叔,361033321,戯言クライン,4,-1
饼叔快更新啊！,79002377,满天星大海,5,-1
回复 @堃堃小熊 :[呆][呆][呆][呆][呆][呆][呆][呆][呆][呆][呆][呆][呆][呆][呆][呆][呆][呆][呆][呆],60590385,地表最强小公举吹,5,-1
回复 @吃花椒的喵酱 :嘿，冰冰,7288276,我的半岛铁盒在哪里,5,-1
好家伙，一刷十几二十个赞哈哈哈哈,15707360,Creatinekinase,5,-1
[囧]饼叔你来了,108131878,鄙人姓王名XX,4,-1
回复 @吃花椒的喵酱 :冬天了，我的心也是冰冰的,272262770,the_ding,4,-1
好形象[呆][呆][呆],85594891,力元君,5,-1
冰冰要多吃火锅！ 叔你得安排！,172112,玉sama,6,-1
回复 @吃花椒的喵酱 :3分钟前[OK][OK],454172929,我不知道该取个啥名好,4,-1
饼饼 妈妈爱你,265528423,犬来慌得一批,5,-1
饼叔，冰冰说要多吃几顿火锅(明示）,57867646,CharlesLeclerc_,5,-1
有人要失业了[偷笑][偷笑][偷笑],11843569,lafaye,5,-1
饼叔，建议加大力度[OK][OK][OK],3180474,大大大大熊猫丶,6,-1
冰冰就回饼叔一个人，嫉妒不？,386698555,古月伯虎,4,-1
饼饼把冰冰带上了一条不归的路,72469866,我想我是真的爱上你,5,-1
我的心是饼饼的（虽然订阅都没点[doge]）,283217225,偏执的亡灵,5,-1
你这嘴唇什么意思,372268758,hey-newboy,4,-1
[呆][呆]嘿,366024617,取名字好难呀啊嗯,3,-1
回复 @吃花椒的喵酱 :哇！2020心好凉，抱一抱冰冰[调皮],29537016,四度de水,5,-1
回复 @吃花椒的喵酱 :[打call],339978061,志二,4,-1
[呆][呆][呆],346441207,MaytionZ,5,-1
饼饼来找冰冰啦[狗子][狗子],100384383,是泠希,5,-1
回复 @吃花椒的喵酱 :大师球,196105859,残年丶style,4,-1
饼叔来了[呆],3724519,冰の菓,5,-1
[呆][呆][呆],17374442,金木-_-_-小天使,5,-1
[呆][呆][呆],34535236,青青的李子,5,-1
上去,629371350,流星7号,3,-1
我的心是饼饼的[doge][doge],249783353,恰花椒的喵酱,5,-1
没有人的心是饼饼的[偷笑][偷笑],165466136,北林啊123,4,-1
叔来了啊[doge],32497907,不能打的蚊子,5,-1
哈哈哈哈哈哈,253718309,梦灬欣蕊,5,-1
她关注你了，她关注你了！快让他看到！！,628638656,暮雨子甜,4,-1
是你。,25814231,Sengernam_腰子,5,-1
饼叔[呆][呆][呆],507199709,---吃花椒的喵酱--,3,-1
回复 @地表最强小公举吹 :不能恰烂钱呀[doge],35265414,别看我只是一只羊7,5,-1
我也来了嘿！,580086174,五环观察室,6,0
回复 @吃花椒的喵酱 :快抱住冰冰[doge],201803678,梦如Anngel,5,-1
回复 @無口的白 :这表情是饼叔的梗[妙啊],355257665,碧落初霁,5,-1
[doge][doge][doge]你又来了,430590539,千万别说话mesh,4,-1
[呆][呆][呆],9588548,Skyrimcavalier-,6,-1
饼叔叔，马上b站冰冰化了,372835756,圆滚滚的小肚纸,4,-1
@毕导,356169071,言兮亦,4,-1
感谢饼叔把冰冰拉过来[doge],111917904,吃阿鲁高的喵酱,4,-1
这能不能打破2020最快涨粉记录呢[doge][doge],114105950,榛子不是栗子,5,-1
饼叔!!我的心是饼饼的。,481094934,不上569斤不减肥,3,-1
[呆][呆][呆],9179112,SilverMoonFL,5,-1
回复 @地表最强小公举吹 :在？群号？[doge],176413843,Milktea_QwQ,6,-1
终于她来了,394844048,CREEDW,4,-1
回复 @吃花椒的喵酱 :冰冰女神我来了[喜欢],154096044,小可灰o,4,-1
饼叔来得早啊[呆],35856414,冬怜Official,5,-1
一刷十个赞，真有意思[OK],288879617,小潘的潘潘,5,-1
饼叔要吃醋了，我记得食贫道最开始的时候粉丝涨得好慢，团队还要全世界各地去拍摄。人冰冰二十分钟就几万粉丝了，饼叔气不气,246244774,N丶Lei,5,-1
你俩的合作视频什么时候更啊？[吃瓜],376148373,辰巽龙,4,-1
回复 @吃花椒的喵酱 :嘿   姐妹[doge],2010929839,冰洋酱,2,-1
一刷一打赞真好玩[抠鼻],344410766,初音未来_cryptun,5,-1
捞叔!![呆][呆][呆][呆][呆][呆],15097299,撒哈拉摸鱼,5,-1
我的身体都是饼饼的,630084846,rrdhjn,4,-1
来了[滑稽][滑稽][滑稽],620784389,喵酱的冰冰手册,3,-1
冰冰觉得很淦～,432379296,Alvin_Dragon,5,-1
涨粉舒服肉眼可见般的快,39601027,Bbbbbye,5,-1
回复 @一颗莫得灵魂的圣晶石 :举报了昂。别把人吓着[呆],13527981,顺时针不停转,6,-1
回复 @吃花椒的喵酱 :豹冰冰,504638602,蜜桃园结义,4,-1
抓住饼叔[滑稽],514538607,等待白羊,3,-1
回复 @地表最强小公举吹 :群号发一下，有钱一起赚,22771655,Wanli万里-,5,-1
[辣眼睛][辣眼睛]一刷几个赞,312999649,啊帆_,4,-1
回复 @吃花椒的喵酱 :嘿冰冰,96264561,自由树树皆秋色,5,-1
饼叔好,16908640,鬼kill,6,-1
反思一下，为什么关注了三个人就没提到你,299915969,__小瓶子,5,-1
回复 @吃花椒的喵酱 :呼呼！[星星眼],229758574,wuli俊凯迷妹,3,-1
饼叔送上去,345663008,快乐非酋_von,5,-1
饼叔你来了[呆][呆][呆],219619708,那些回不去的小时光,5,-1
叔的评论这辈子有望破万吗？,94358969,簡丶緒,5,-1
我的心是冰冰的，胃是饼饼的，脑子是线代高数c语言的[tv_鬼脸][tv_鬼脸][tv_鬼脸],327524372,会飞的翔あ,4,-1
心是冰冰哒，冰冰终于来啦,516851516,微风1909,4,-1
我的心是饼饼的,295734103,熬夜令人秃头,5,-1
回复 @吃花椒的喵酱 :我的心才是冰冰的~~[doge][爱心],179030020,叙世视频,6,-1
上去,525655460,酸的石榴,4,-1
[呆],290472831,重樱幼稚园の校长,5,-1
天冷了，我的心都是__的[doge],38149712,柠檬没我萌嘞,5,-1
回复 @吃花椒的喵酱 :捉,327021767,平平无奇的预言家罢了,5,-1
这vlog风格，是不是饼叔你们制作的[呆],36988017,R1chardZheng,5,-1
叔，羡慕不,108804175,喝西北风的喵酱,5,-1
回复 @随便打打12131243 :所以是大小号互动吗？[热词系列_爱了爱了],430626798,挚爱毅生858885,3,-1
哈哈哈哈哈哈这个表情[呆][呆][呆],288745876,同时性的相对性,5,-1
回复 @吃花椒的喵酱 :冰冰~[哦呼],88984918,Samlthal,5,-1
活捉一只野生饼叔[doge][doge][doge],352337408,浑元形意传人,4,-1
[呆],131380100,嫁你是因为他喜欢人妻,5,-1
饼叔,288164403,将醒梦未眠,5,-1
回复 @地表最强小公举吹 :不至于不至于不至于,33123258,叶修咻咻咻,5,-1
后期都是你们做的吧，强行装作不知道[doge][doge][doge][呆],90135336,TylerZon,5,-1
嘿，你来了嘿,130187052,小王儿2333,5,-1
回复 @吃花椒的喵酱 :冰冰！！！[大笑][呆],11126302,坐骨神经老中医,5,-1
双厨狂喜,74404125,风月の羁绊,4,-1
这是自拍吗？[doge],22730919,别回复我-你正确,5,-1
我是从下个月穿越过来的，那个时候冰冰粉丝数比饼饼还多[doge],174144111,阿钦正传,5,-1
借冰冰的地盘，承包本楼的饼饼！,14322285,孙悟饭比迪丽1314,5,-1
冰冰来B站了啊[打call][打call][打call]，是冰冰本人吗？？？,96219179,海啸台风,5,-1
"[2020][呆]
[2021][吃瓜]",430102135,SAe丶,5,-1
回复 @地表最强小公举吹 :不至于不至于[妙啊],321660522,卑微小刘TnT,5,-1
回复 @地表最强小公举吹 :不至于不至于,8925458,meperdine007,5,-1
我饿了，我的心是饼饼的[doge][doge][doge],404818904,NFVWPQ-CH,5,-1
上去,7887706,小宋可不能秃头,4,-1
这个表情怎么会和叔长得一模一样哈哈哈哈哈哈哈哈哈哈哈哈哈哈哈哈哈,8783121,everydayhuaduo,6,-1
一刷一个赞，真好玩[doge],130914917,mioaaaaaaaaaaa,5,-1
冰冰和饼饼,304724146,一件牛色毛衣,4,-1
让一让让一让[呆],251606095,梁枫阿,5,-1
[呆][呆][呆][呆][呆],23050029,大负B,5,-1
失业预告[doge],14001965,狛枝凪斗W,6,-1
一时想不起骚话,8559003,言葉にできず,5,-1
叔；我是冰冰的百大粉丝[热词系列_真香],245451562,陈囐,4,-1
饼饼偷吃把冰冰带偏了[doge],236611815,敦仁贰哥,5,-1
饼叔听到了吗，火锅，赶紧给冰冰安排[呆],397188322,七拐八扭,4,-1
我要让全世界都知道：我的心是饼饼的[呆],23660640,四处观察滚滚分察,5,-1
一刷十赞离谱,451438306,冬星ix,4,-1
嘿 饼饼,437305069,lan的出奇,4,-1
你失宠了谢谢,15606625,素素苏酥,5,-1
回复 @吃花椒的喵酱 :我的心是冰冰的[害羞],219619708,那些回不去的小时光,5,-1
回复 @地表最强小公举吹 :不至于不至于,59381575,今年上岸再改名l,5,-1
回复 @地表最强小公举吹 :不至于不至于不至于不至于不至于不至于不至于不至于不至于不至于不至于不至于,42448197,查干湖大厨,5,-1
"颜值担当颜值担当颜值担当颜值担当
颜值担当颜值担当颜值担当颜值担当
颜值担当颜值担[呆]颜值担当颜值担当
颜值担当颜值担当颜值担当颜值担当
颜值担当颜值担当颜值担当颜值担当",504323731,元_Yuan,4,-1
[呆][呆][呆][呆],76127,清凌,5,-1
我等妳好久了[妙啊],27640415,財_神,5,-1
叔，您来了！,3456220,凯撒之魂,6,-1
[呆],38566214,黎明前等天黑,5,-1
央视颜值区间（-∞，+∞）[微笑],2114959186,夜雨G北,3,-1
第一万个赞是我点的[呲牙][doge],39647287,一念如熙,5,-1
冰冰明年粉丝就比你多了，怕不怕,1379204,Candy栋,6,-1
嘿嘿，第一万赞\(≧▽≦)/。,168315609,杀吧大爷,5,-1
[呆]这表情绝对是照着叔的脸做的,15065316,羽翼之下的天空w,5,-1
你们的视频啥时候发啊,20891709,bboobbbb,6,-1
回复 @吃花椒的喵酱 :南京今天好冷，整个人都是冰冰的[doge][妙啊][狗子],18092940,人类小电影精华,5,-1
回复 @MONSTER丶kk :天气真冷，搞得我的心都是冰冰的[doge],55054040,苏打原来是你啊,4,-1
可以把你取关了[doge],391927190,爱穿衬衫的喵酱,4,-1
要等你和冰冰做节目都啥时候才能看见冰冰？？？,371834632,荡五洲震四海,5,-1
[吃瓜],1597261,是叶寒寒呀v-v,6,-1
[呆][呆][呆]您来干嘛,10175726,西瓜君爱夏天,5,-1
回复 @地表最强小公举吹 :不至于不至于,103069964,好人鈜,6,-1
40分钟12000赞,439230986,Istaner,3,-1
回复 @地表最强小公举吹 :脸是饼饼的[呆][呆][呆]，心更是冰冰的,318137447,吃花椒的苗醤,5,-1
饼叔出场，自带笑声,621588274,贪吃的曲奇饼,4,-1
[呆][呆][呆],1387932,素夜夜夜夜,5,-1
回复 @地表最强小公举吹 :不至于不至于不至于不至于不至于不至于不至于不至于不至于不至于不至于不至于不至于不至于不至于不至于不至于不至于不至于不至于不至于不至于不至于不至于,433921826,-Absinthe--,4,-1
回复 @地表最强小公举吹 :我也是[妙啊][妙啊],32293151,默然回首处,5,-1
回复 @地表最强小公举吹 :恰烂钱？[doge],379474616,人间理想莹冰冰,5,-1
回复 @吃花椒的喵酱 :希望能在青年大学习上多看到你几次[doge],336489165,提伯斯说它想安妮了,5,-1
饼饼与冰冰第二期gkd,798193,LLHansLL,5,-1
原来这个表情[呆]是这么用的,346213577,哦唷喔,3,-1
你说是不是你团队拍的！,10068280,潘三石-,5,-1
是你呀饼[呆],92096801,就逍遥啊,5,-1
叔的百万稳重可以去找冰冰了,239412807,没有童心的孩儿,4,-1
[呆]太丑了,350751040,-江畔何人初见月,5,-1
[呆][呆][呆],2650261,夜殇o微光,6,-1
"饼饼 ❌
冰冰✔️",651363,真是英俊,6,-1
我在想冰冰就三个关注，为什么只说了毕导和何同学不说你[抠鼻],32197908,柏拉图先森,5,-1
！！！,361075561,獾獾和蛇蛇的绝美爱情,4,-1
[呆][呆][呆][呆][呆][呆][呆][呆],827733,涯角驴骑士,5,-1
[热词系列_好家伙][热词系列_不愧是你],397568234,百里云海,4,-1
[呆]嘿,19438175,吃花椒旳貓醬,5,-1
冰冰没提到你,256898377,尢雨溪,4,-1
嗨，来了[doge],267567430,按时吃饭准时睡觉,5,-1
野兽前辈,104876709,dhhshdhhd,5,-1
一刷一万粉真好玩,12114139,HerbertBin,5,-1
啊啊啊,490558667,念来过倒是字名,4,-1
你谁啊？嗷，是小饼啊，那没事了！,88432316,纳豆敏感,5,-1
[呆][呆][呆][呆],508735496,cr的北极熊,4,-1
看看冰冰的这次一定,12116719,Spidery125,5,-1
今天记得用户名了[doge],147951063,囡-Ye,5,-1
我的身体是冰冰的，我的心也是冰冰的,76552790,穷逼杨先生,5,-1
回复 @地表最强小公举吹 :不至于不至于不至于不至于不至于不至于,178718546,正八少,5,-1
50分钟2w赞 离谱,337119777,Ksyakira,5,-1
就没提你[呆],3841506,大都会黑暗骑士,6,-1
美女与野兽[呆],13435323,暴走MAX,5,-1
唯一一个被up赞过的，真是排面啊，饼叔,35446898,刹那2017,6,-1
我的心是饼饼的,326011526,LandonArnold,5,-1
回复 @吃花椒的喵酱 :冰冰冰冰冰冰冰冰,22141709,樱花树上摘樱桃,5,-1
饼饼！,12913273,Mon1ca233,6,-1
饼叔，她想多吃几顿火锅[doge],320381,sps1944,5,-1
再见！,24690543,Mr小猪哥,4,-1
回复 @吃花椒的喵酱 :嘿冰冰,279673557,查干湖女神,5,-1
饼叔你来了啊[doge][呆][呆][呆],340148332,不可食用的丸子,5,-1
饼叔你做的好呀！,1766844,丞相炒茄子,6,-1
回复 @地表最强小公举吹 :不至于不至于,286410648,長日將盡,5,-1
感谢饼叔！终于把我的冰冰带回来了！[doge][doge][doge],474689500,半度锦,4,-1
[呆],26080484,放荡不羁爱自由～,5,-1
捞一捞,398215694,清照不写鱼秋,4,-1
饼叔来蹭热度了[doge],23798495,MeM07herF,5,-1
回复 @地表最强小公举吹 :Me too,8067659,ggsddu_st,6,-1
[呆][呆][呆],165784021,红红火火恍恍惚惚甩笔,5,-1
回复 @地表最强小公举吹 :恰烂钱要不得啊[妙啊],143961705,不愧是小刘啊,5,-1
[doge],329300302,唯笑的忧伤,4,-1
我的心永远是[呆][呆]的,323946036,白日梦蓝-_,5,-1
[呆][呆][呆][呆][呆][呆],23628526,豆姐爱猫猫,6,-1
虽然我的心是冰冰的，但是我也爱饼饼,2337125,洗衣欧,6,-1
回复 @吃花椒的喵酱 :老婆,697872700,梦墨澪,3,-1
。。。,300702353,吴耐丶,3,-1
跟冰冰的美食节目什么时候出[呆],19426709,洛必达无极限,5,-1
emmmm[呆],43479648,打电话对吧,5,-1
回复 @一颗莫得灵魂的圣晶石 :差不多得了,103475056,信了你嘀邪,5,-1
[热词系列_知识增加],347450319,开挂大师,6,-1
捞叔[呆],188648119,会天马流星拳的胖虎,5,-1
叔力压一众官方号好大滴排面[OK],20593793,西一阿夏夏夏夏,5,-1
回复 @地表最强小公举吹 :再忍忍吧，明天就月初了，不用恰这钱过月底吧[生气],379401671,咕叽_咕咕,3,-1
再吃一顿饭吧,494351981,三闲雅仕,3,-1
回复 @地表最强小公举吹 :好家伙，你这东北口音还挺重[热词系列_知识增加],32947730,Walker小步,5,-1
1,24683174,光电一班唐同学,5,-1
美女与野兽[doge][doge][doge],435873560,风入梧桐,4,-1
叔[呆],12255449,千克啊,6,-1
回复 @地表最强小公举吹 :不至于不至于,101023653,小明戈子,5,-1
借楼，趁冰冰等级低，欺负一下，我做的对吗[doge],236643055,偷冰冰的喵酱,5,-1
饼饼评论了冰冰，冰冰置顶了饼饼,67354195,你见过我的辕辙吗,5,-1
回复 @吃花椒的喵酱 :冰冰才是个二级号，欺负一下[妙啊],475833769,追溯者-栋,4,-1
[呆],56850833,无双杰,5,-1
终于来了[星星眼],242590117,qwe100505,3,-1
回复 @一颗莫得灵魂的圣晶石 :桃子桃子桃子桃子桃子🍑🍑🍑🍑🍑🍑🍑🍑🍑🍑🍑,3429841,手帐er,5,-1
在？更个新？[热词系列_问号],267986107,好烦啊别理我,4,-1
[呆][呆][呆][呆],81162551,-缘起缘落-,5,-1
[呆][呆][呆][呆][呆][呆][呆][呆][呆][呆][呆],423858872,73159856463_bili,4,-1
[呆][呆][呆][呆][呆],17694039,PEI_9,5,-1
[呆][呆][呆][呆][呆],36597694,贼跳跳跳虎呦,4,-1
一天上百大,177658482,无为渐微殇,4,-1
趁她还是个2级号，快欺负她,11197502,-雪中春信-,5,-1
[doge]我的心,422499063,kuerslip,4,-1
你来干嘛了 饼叔,28304954,abadhead,5,-1
评论区禁止曝照[呆],14477577,恶の老饼干Suzuki,6,-1
我的心都是饼饼的不要和我抢[doge][doge][doge],88408091,流逝的时光鸭,5,-1
哈哈哈哈哈饼叔好快,302167541,一个bcl,5,-1
冰冰到了饼饼的地盘了,97177923,岳父大人是只猫,5,-1
回复 @吃花椒的喵酱 :冰冰，我肥来看你啦[害羞][害羞][害羞][害羞],102989446,路过的令和假面骑士03,6,-1
丑拒[doge],109078256,Zyyturbo,4,-1
豹王冰冰，您就是豹王？[思考],227038728,人小比天高,4,-1
[呆]我的心是饼饼的,14119230,卡带小伙儿,5,-1
排面[呆],442039055,广东宏远徐杰,4,-1
回复 @吃花椒的喵酱 :这里有个二级号，大家快来欺负她!!!!,158322624,pantaqqqqqq,4,-1
记得请冰冰多吃几顿火锅,266051052,阿桐木119,5,-1
您也来了哈！,215240,迷途毛,5,-1
回复 @吃花椒的喵酱 :啊，老婆！,324009944,冰冰ぃ,4,-1
回复 @地表最强小公举吹 :这一条赚了多少钱？有钱一起赚？[doge],252064728,吃花椒葫芦的喵酱,4,-1
叔来了[呆],434301125,铁锅Dun大猫,5,-1
我想到了新闻联播开始的音乐，饼冰饼冰~[doge],9525004,爱喝谷粒多的Greed,6,-1
爸爸来找女儿了,20406446,憨直纯真大善人,5,-1
回复 @地表最强小公举吹 :不至于不至于[微笑],387720894,i坤大作战,4,-1
醒醒吧各位 人家有男朋友了 王冰冰男朋友的主页https://space.bilibili.com/[妙啊][doge],160040997,龙猫DJ,5,-1
[笑哭][笑哭][笑哭],12211384,禹晨君,5,-1
食贫道的味儿太重辣,285317319,图本江,5,-1
[鸡腿][鸡腿][鸡腿],120851560,明日乌鸦,5,-1
回复 @地表最强小公举吹 :不至于不至于[doge][doge],34382607,RekenMing,5,-1
冰冰和饼饼我都要[妙啊],410496710,回收废旧腐宅纸片人,4,-1
饼饼！！我最爱的是饼饼,341736951,AEinstein1115,5,-1
哈哈哈哈哈哈哈哈哈哈,34775089,神地弥合,5,-1
我的心是冰冰的,334516392,御坂z0001,4,-1
咋感觉冰冰的后期跟饼叔的百万后期是一个嘞,214601307,神精病阿切,5,-1
你来啦[呆],270749612,大酱胖头鱼,5,-1
叔来了[呆],481998030,饼侄儿,3,-1
回复 @地表最强小公举吹 :群号多少带我一起恰烂钱[doge][doge][doge],158618994,骑着二哈的二胖,5,-1
[doge][doge],415456896,枇杷摘了,4,-1
老婆我来了,12561162,彤宝的老婆,5,-1
封面做得也很吸引人,242590117,qwe100505,3,-1
冰冰姐,434397043,世间简花,4,-1
回复 @地表最强小公举吹 :不至于，至少不应该。,12071179,浅唱丶Monna,5,-1
捞饼叔[呆],1332598,VoidSword,5,-1
回复 @吃花椒的喵酱 :我看错了了吗？一小时涨粉20万！,85687336,与签名,5,-1
饼饼,394289953,34042472724_bili,4,-1
冰冰饼饼[呆],13019037,武松拳打白骨精,5,-1
饼饼,6412401,小豆豆酱酱,5,-1
"回复 @地表最强小公举吹 :好家伙,食贫道狂喜.[呆][笑哭][打call][OK][吃瓜][滑稽]",40173416,科达娜丶邪歌,5,-1
冬天到了，我的心是饼饼的[呆][呆][呆][呆][呆][呆],18430493,我執爛漫,5,-1
为啥感觉是叔的团队做的,7625311,Misssss小C,5,-1
up🐷觉得很赞,102578176,LD董,5,-1
饼叔好[呆],266640981,黑光点,4,-1
饼叔，回头 ，冰冰请你吃饭,34993419,大理天行健达平安健康,4,-1
[呆][呆],149561597,康娜丶丶酱,4,-1
回复 @吃花椒的喵酱 :lao p,454033435,坐看繁星点缀,3,-1
叔呀，冰冰没关注你[吃瓜],388861325,恒升居士,5,-1
快乐上岸！,472560297,倪薄荷,4,-1
这表情是b站给你定做的？[绯赤艾莉欧_好耶],4693715,神原遙,6,-1
我的心是饼饼的[呆][呆][呆],9044316,Joe啾啾啾,5,-1
一小时30万,405247439,日照香炉睡几天,4,-1
在？抽个女师叔|ω・）,7287442,牧柏,5,-1
回复 @吃花椒的喵酱 :豹王冰冰,30576568,吾行风,6,-1
回复 @吃花椒的喵酱 :新年快乐冰冰姐,304724146,一件牛色毛衣,4,-1
抓住饼叔[热词系列_大师球][微笑][doge],483416984,Asekelake,4,-1
回复 @地表最强小公举吹 :[辣眼睛][辣眼睛][辣眼睛],108911349,木和登的成,5,-1
[呆][呆][呆][呆][呆][呆],186487871,好美的甜哇哇,4,-1
看到冰冰和饼叔，想起了多年前的雪月饼广告：“冰冰冰冰我要吃冰，饼饼饼饼我要吃饼，我要吃冰，我已吃饼。XX雪月饼！”[tv_馋],2427430,布魯小藥丸,6,-1
[OK],320428683,武汉凯旋,4,-1
给我上去,27823897,iwako岩子喵,4,-1
饼饼，我爱你,174938918,TR_xer,5,-1
哟，叔来啦[呆],232748638,_雯雯_酱,5,-1
你也来了[吃瓜],8552118,可乐咘丁,6,-1
回复 @地表最强小公举吹 :有钱一起赚,507970,孰土司,5,-1
回复 @吃花椒的喵酱 :二级号？欺负一下[doge],508606251,内涵段子呵TV,4,-1
[呆][呆]哈哈哈,21798346,庞哈哈12138,5,-1
热乎的饼叔[热词系列_妙啊],1473723,可可袋熊,6,-1
我的心和身体都是冰冰的[偷笑],66432737,Shark恶霸,5,-1
我的心是冰冰的，胃是[呆][呆]的,398496043,吃花椒的猫糨,5,-1
回复 @地表最强小公举吹 :不至于不至于[喜极而泣],20535373,ATCV-1,6,-1
回复 @地表最强小公举吹 :兄弟不至于,384717291,Der-fuchs,4,-1
今天之后，冰冰的粉丝就超过饼叔了,297237210,吃花生的汪酱,4,-1
回复 @地表最强小公举吹 :烂钱不能恰啊[滑稽][吃瓜],218655779,Chan_Chan_Girl,5,-1
我是饼饼的[doge],383753901,索隆没了刀,5,-1
回复 @地表最强小公举吹 :不至于不至于[doge],255220789,Janeca,5,-1
饼叔，你要小心了，一个不小心，冰冰的粉丝数就比你多了,8559003,言葉にできず,5,-1
回复 @吃花椒的喵酱 :[星星眼][星星眼][星星眼]来啦！,240338735,CS-TTT,5,-1
[呆][呆][呆][呆]我是饼饼的,28320190,寒丶霜降,5,-1
回复 @地表最强小公举吹 :不至于不至于不至于不至于,203229344,猪是字名看着倒,5,-1
回复 @地表最强小公举吹 :谐音双关嘛,22691376,这个吗嘿嘿,5,-1
为什么你发照片,16066839,越秋之水,5,-1
叔！！！,92208678,RICK-10,4,-1
回复 @吃花椒的喵酱 :捕捉,37545366,焚骨才,4,-1
叔，你同事真好看[呆][呆],139919675,江湖睡,5,-1
饼饼你来啦[妙啊],44211530,海问香的意中人,6,-1
[呆][呆][呆],3748756,億万笑者,6,-1
饼叔你给我上去[热词系列_知识增加][热词系列_知识增加][热词系列_知识增加],26617159,吃花喵的烧椒酱,5,-1
[呆],10142543,でツル,5,-1
回复 @挚爱毅生858885 :不是，饼叔那次冰冰视频里开玩笑说冰冰很懂要不食贫道给冰冰做得了（我也希望是真的）,358662940,随便打打12131243,5,-1
哇哦(・◇・)，突然感觉天不冷了[星星眼],204649207,上海交通大学,6,1
回复 @地表最强小公举吹 :@叫饼饼儿 [doge],630026463,古达拉3,4,-1
走开！！冰冰是我们大家的！,494262482,污咪到底犯啥罪了,4,-1
@吃花椒的喵酱男友,438112012,梅菲斯特奥特曼,5,-1
how i love u,61660815,bigbigcola,5,-1
回复 @地表最强小公举吹 :好家伙,386440498,Nana_Seino,4,-1
打开三秒就知道是你们的后期,28628994,锡乔之路,6,-1
大鼻子美男来找大鼻子美女了[呲牙][呲牙][呲牙][呲牙][呲牙][呲牙],349516943,虾鸭梨蒜鸡藕,5,-1
饼哥，来了,287123852,jiker09882,3,-1
大家都来了,287123852,jiker09882,3,-1
捞捞饼叔,326093963,五加皮君,5,-1
我的心是饼饼的[呆],8376652,HAQQQ13,5,-1
额，好家伙还有专属表情,89101798,三两咸盐,5,-1
冰冰说希望多吃几顿火锅，你心里有没有点数？,39904443,小浦画画,5,-1
嘿，饼叔,281453314,Yo0ho0zzZ,4,-1
回复 @地表最强小公举吹 :不至于[吃瓜],51169350,冰纹金阁寺,5,-1
投币比点赞多就离谱,456212625,可乐的第一口,4,-1
[呆]饼叔挺帅的，就是有点丑,13850194,yeliyougui,5,-1
下次吃火锅？,334580944,盛装小莓莓,4,-1
阿饼你好 阿饼再见,9974326,犯困土豆,5,-1
联名出个食品吧，冰冰饼。这不挺好吗,225501115,贰_哥来也,4,-1
[doge]饼叔哈哈哈哈哈,384613194,小米silence,5,-1
这个表情跟叔可以说是一模一样,8886726,普普通通的啊噗,5,-1
回复 @一勺大苏打 :哈哈哈哈哈哈哈这个表情[呆]莫名的神似饼叔[辣眼睛],55596055,杂草小喵,4,-1
我咋感觉这个视频风格很像饼叔呢@食贫道,319172016,DsYaledu,4,-1
[呆],183966105,伊狗斯科,4,-1
我的心是饼饼的[呆],290580159,动感单车沙瑞金,5,-1
回复 @吃花椒的喵酱 :[笑哭],472590268,纵千古-横八荒,5,-1
叔也来了,2202986,酸辣粉正好吃,6,-1
我的心是饼饼的！！！,255571158,ClementineXU,5,-1
[呆][呆][呆],412250283,此昵称已经有主,4,-1
我的原来没有饼饼的心现在是冰冰的[doge],159285967,沐江白,5,-1
冰冰都没关注叔～[呆][呆][呆],369219110,MrAllure-S,5,-1
真不熟儿,242651454,yyrrnn,5,-1
不配一瓶ad钙奶么[歪嘴],652532931,娃哈哈,5,1
安排火锅！,36641330,龍晓添,5,-1
饼叔好帅！就是有点丑[呆],21344347,几许星夜凡尘,5,-1
叔好[呆],116088450,狐妖狐言,4,-1
你们和冰冰贴贴，我和饼饼贴贴[doge],3335385,御坂01876号,6,-1
没有关注你，有点尴尬,359489932,Exclamation_mark,5,-1
回复 @Victoricaaaaa :果然六级号都是心明眼亮[吃瓜],9044316,Joe啾啾啾,5,-1
感觉会快于罗翔老师[微笑],631395774,dlrbdldldl,4,-1
冰之呼吸，爱之型，一键三连！！！[doge],15735147,帝槐,4,-1
回复 @满天星大海 :昨天更了中国之声还偷了人家一份盒饭，可能吃完了有点累[呆][呆][呆],9044316,Joe啾啾啾,5,-1
我的心是饼饼的,32710281,WINSH2001,5,-1
视频里的手风琴配乐是不是跟饼叔学的，我甚至怀疑是不是借用了剪辑师,2995226,ChaelStary,5,-1
饼叔[呆][呆][呆],670385614,哎呦喂我的肥皂泡,3,-1
[吃瓜]饼饼不要在念错名字啦,44389736,六道轮回的小鸟,5,-1
回复 @元_Yuan :哈哈哈哈哈，懂得都懂,9044316,Joe啾啾啾,5,-1
嘿，饼饼和冰冰。,103142401,闲蛋超人欧耶,5,-1
我的心永远是饼饼的[doge][doge][doge],3671834,清风小清新,6,-1
挤挤吧,330199465,马家弟子,5,-1
[呆][呆][呆]你来了嘿！,248941416,嫑做人了啊啊啊,5,-1
叔能在第一可真是太牛逼了,8845744,Arkham丶madman,5,-1
美 女 与 野 兽,214420796,海绵宝宝突稽队,5,-1
这表情[呆]不就是饼叔本人吗[偷笑],284089503,天空之城abcde,4,-1
叔我捞不动你,523756176,啊哟炜,3,-1
太狠了,289058725,孑然雨,5,-1
哔站又一个涨粉速度很快的二级号[奸笑]前一个张三吧。[滑稽],382429045,寒山和合,5,-1
饼叔，奏凯！,481358230,-修仙啦-,4,-1
后期像你家的。,22337908,毛不易好可爱,5,-1
美女与野兽,394085542,Gavin98,3,-1
3小时，42万！！！！！,35700410,长安于我意何如,5,-1
你为什么可以在评论里发自拍[doge],28283164,萌哒哒大白兔,5,-1
还不更新,275557092,lai1986,5,-1
我的心是饼饼的[呆]！,272554164,多余仔A,5,-1
[呆][呆][呆],18774860,无处安放的怂子,6,-1
饼叔这没你事儿了[吃瓜],264908174,suchim凉姜,4,-1
感觉这个视频是出自饼叔的制作团队啊,281360154,aqbcd,4,-1
回复 @吃花椒的喵酱 :[呆],336648675,财贸彭于晏,5,-1
我的心是饼饼的[doge],398887080,冰糖雪梨1987,3,-1
叔，你来辣[呆],1714051,如影隋形,5,-1
饼叔B站专属表情包[呆][呆][呆][呆][呆][呆],163548664,阿尔伯特OoO爱因斯坦,5,-1
饼叔你来了[呆][呆],13170673,转生成为电饭煲,6,-1
饼叔看看，就你没被冰冰提到[滑稽],195725793,机肃2233,5,-1
[呆][呆][呆],16374249,迈向人生路君,5,-1
你以为你得到的是谁的热评，是冰冰的热评,620886314,D博士有东西的啊,4,-1
我的心是饼饼的[doge],226868588,恒光Z哲,5,-1
我确定了我绝对抢不到热评，妈妈告诉我抢不到热评就试着抢热评的热评[妙啊][妙啊],434033420,两只沈梦溪哒,5,-1
饼饼[呆],8576017,知不道是谁,5,-1
回复 @吃花椒的喵酱 :！！！昨天还在想，如果冰冰入驻小破站，一定马上粉丝破百万千万，还在遗憾怎么不入驻，没想到！！！！今天就出现了，太惊喜了！[星星眼][星星眼][星星眼],12168317,冰冰家de喵酱,5,-1
"B站是我家
冰冰来B站了
冰冰来我家了[doge]",313509753,反手把赞取消,5,-1
哈哈哈哈哈哈哈,86513855,雷龙龙龙龙龙,5,-1
我的心是饼饼的[呆],29144579,触手guai,6,-1
嘿，饼叔我劝你善良[doge][doge],501129309,羞羞的铁甲小宝,4,-1
[热词系列_好家伙],45965116,汤圆儿先生,5,-1
[呆][呆][呆],481521195,吃芘椒的喵酱,4,-1
[呆][呆][呆],8427669,一条悠闲的咸鱼,6,-1
假吃Cream阿强半年来掉了五十万粉丝[吃瓜],7394873,Blort,5,-1
捞一把[滑稽],242609804,fireworkslmj,4,-1
回复 @地表最强小公举吹 :叠词词，恶心心[doge],500573451,冰苓洛,4,-1
饼饼看见冰冰涨粉飞快[呆],4692999,我要天使,6,-1
[呆],358040,苗木习习,5,-1
[呆][呆][呆][呆],345430458,八袋长老啊,4,-1
表情太形象了，哈哈哈,30930792,QiuSC,4,-1
[呆],356831898,鱼尾纱裙,4,-1
我的人是冰冰的，我的心是饼饼的[呆],327283354,gsljyx,5,-1
我的心是饼饼的,12020621,SwagLikeYRmama,5,-1
这评论区大佬都排不上号[doge],392238568,LeoWong7,4,-1
你是？,519134588,混一尛鱼,2,-1
[呆][呆][呆],590601465,鹰特来萌,3,-1
饼饼的[呆][呆],793985,NG丶销魂,5,-1
饼叔羡慕死了，做了快一年还没冰冰两三个小时粉丝多,18455257,独自旅行的井丼,5,-1
嘿[呆][呆],31194915,水鸟啾啾,5,-1
饼饼[爱心],24811449,此人该珍藏,5,-1
回复 @吃花椒的喵酱 :冰姐好[微笑],123634433,暴力泰坦尼克,5,-1
来了啊[呆],57073099,秋麦黄,5,-1
冰冰的手，冰冰的脸，也很美,526075448,番茄炖南瓜,5,-1
冰冰马上就超过你的粉丝数了,387498811,倔强的土小豆,4,-1
我的心是冰冰的，也是饼饼的,745383,我真的不是抖M,6,-1
回复 @地表最强小公举吹 :不至于不至于,11651766,随心聆风,6,-1
世界名画[吃瓜],294537,4C海盗旗,5,-1
哇饼叔,20609112,木子海瑞,6,-1
始于饼饼，陷于冰冰[微笑],439232775,车尔尼不是299,5,-1
[呲牙],635335279,呆一听,3,-1
回复 @吃花椒的喵酱 :始于饼饼，陷于冰冰[微笑],439232775,车尔尼不是299,5,-1
6666,1876411,八口哥,4,-1
捞饼叔,411116973,风345,5,-1
[呆],349756252,看心晨大海,5,-1
[呆][呆][呆],31727635,欧盖里Asahi,5,-1
饼叔～～[呆][呆][呆],282939973,蹄蹄山女,5,-1
饼叔！,92195212,我是可口派,5,-1
[囧],351120133,杜_大宝宝,4,-1
捞,473192796,陈记早点热干面39号,4,-1
[doge][doge][doge][doge][doge][doge],33843051,我很焦灼灬,5,-1
我的心是饼饼的,17381842,Davros,5,-1
我的心是饼饼的[呆],36459421,看番就完事了,5,-1
[呆][呆],8684640,psychopath_26,6,-1
[呆],32678015,AHAssss,5,-1
冰冰吃饭没叫上饼饼，饼饼一定馋的很难受吧[doge],394872068,吔神艾尔德利奇,5,-1
回复 @吃花椒的喵酱 :第2704位点赞,383398845,巴博斯睡不好,4,-1
我的脸是饼饼的[tv_吐血],511449438,法学院麻将师,4,-1
回复 @吃花椒的喵酱 :我是三级号[doge][doge],474817508,bili_58574427487,4,-1
这个表情怎么能和饼叔一模一样[呆][呆][呆],12156772,Always丶梦叶,6,-1
冰冰真漂亮[hanser_贴贴][hanser_贴贴],326262576,吃酱的花椒冰,5,-1
捞饼叔,284937932,yzhmit,5,-1
叔你是不是把冰冰同化了[呆]简直活脱脱一个女的你,7156896,海豹-SeaI,6,-1
嘿，饼叔[呆],25783708,㫓花椒的喵酱,5,-1
[星星眼][星星眼],90918964,老虫旁蟹,5,-1
这后期和摄影是不是都是你的[微笑],33897856,Ohahahayou,5,-1
回复 @吃花椒的喵酱 :我的心是冰冰的,697867255,coffeei6,2,-1
[呆][呆][呆]神似,354748408,鹿刕,4,-1
跟着大佬混，总会有零零散散赞的[doge][doge][doge],688004045,练腹肌追富婆,3,-1
太重了，捞不动了,286913473,你想说什么时候回来,4,-1
[呆][呆][呆],13151842,王橘子丫,5,-1
[呆][呆][呆][呆][呆][呆][呆],50742055,狐の歌,5,-1
关注了你我就和冰冰的共同关注一样了,400264992,小刘同学在此,4,-1
回复 @那不是幻觉 :这个是饼叔的定制表情啦哈哈哈哈,91264663,一颗酸葡萄_,5,-1
你还要再请吃一顿饭,257798976,Newstart同学,4,-1
[呆][呆][呆][呆][呆],21789945,nyan丶cat,5,-1
[呆][呆][呆][呆],650425190,周也圈外老公,3,-1
哈哈，叔，你来了,354169009,她丨也曾来过,5,-1
嘿嘿,289219846,idealne,4,-1
漂亮~,498013726,青山灵儿,4,-1
[滑稽][滑稽][2021][2021],282703772,卡通银价,4,-1
回复 @吃花椒的喵酱 :胖头鱼一生之敌,333988066,恰饭兄弟,4,-1
[呆][呆],227672514,么爱了吖,5,-1
回复 @吃花椒的喵酱 :开充电入口啊,242031189,月上柳稍头哦,5,-1
[干杯]冰冰和饼饼。,12846465,那年今日长安夜,5,-1
我的心是饼饼的[呆][呆][呆],476222987,Armand--19,4,-1
哈哈哈哈哈哈,165716350,黎阿阿阿阿荃,5,-1
一看这个视频剪辑风格，应该就是食贫道的工作室出品,30828672,揭开公司面纱,5,-1
回复 @吃花椒的喵酱 :嘿，冰冰[呆],294537,4C海盗旗,5,-1
@食贫道,393671649,嘉栋栋,4,-1
我的心都是饼饼的[doge],44547998,做个凡人吃喝玩乐,5,-1
[呆][呆][呆]叔放心，我的心是饼饼的[妙啊][妙啊],44766681,磨叽磨磨叽叽,5,-1
嘿我也来了,259475121,吃花的喵椒酱,4,-1
[呆],490594214,冮州刺史的确无事忙,4,-1
为什么饼叔可以发自拍表情[doge],373456863,买不起瓜的群众,5,-1
是那位大佬把冰冰抓来小破站，赏[吃瓜],94180352,动动小脑瓜丶,5,-1
可以取关饼叔了[doge],87168239,番剧研究员,5,-1
叔！你来了！！！,40300203,迹部景吾的响指,5,-1
回复 @地表最强小公举吹 :不至于不至于,16404626,给你开个光,5,-1
你来了[辣眼睛],16917441,哒哒吾亦,6,-1
回复 @地表最强小公举吹 :不至于兄弟...,7914958,南山柟,5,-1
连表情都这么丑[热词系列_害怕],10213122,多来H梦,5,-1
我的心是饼饼的[呆][呆][呆][呆][呆],472590918,假面基士,4,-1
嘿！饼饼！,10374037,叫我郭大锤,5,-1
好家伙，刚来粉丝数已经隐约有超过饼饼的趋势了[呆][呆],11895619,燃烧的牛肉丸,6,-1
回复 @地表最强小公举吹 :不至于，真不至于[doge],869334,flyjuningrenm,6,-1
回复 @吃花椒的喵酱 :冰冰姐，希望未来一年能跟随你的镜头走遍中国,62468766,汉唐勇士,3,-1
叔，这视频风格是宁教她的吧。[doge],7914958,南山柟,5,-1
叔[呆][呆][呆],17756820,AAAIIIOOO贱,5,-1
[呆][呆][呆][呆],8540467,梦剧场的斜阳,5,-1
回复 @吃花椒的喵酱 :趁着等级不高，赶紧欺负你一波[滑稽][滑稽],385543201,思倚楼,4,-1
回复 @地表最强小公举吹 :好家伙,241204359,SchoolDays-桂言叶,5,-1
这是稳重拍的么[点赞],391387282,清源妙道真君21574,4,-1
冰冰是你们的！饼饼是我的！[呆][呆][呆][呆][呆][呆],30830673,Lanren阿meng,5,-1
饼饼 你来啦,2225643,啊小雨同学,6,-1
[呆][呆][呆]嘿  我的心是饼饼的,2971504,小粪球和我过的很好,6,-1
[呆][呆][呆],3029648,萤火居士,6,-1
叔和这个表情一模一样,327063340,为啥要我改名字,5,-1
我的心是冰冰的,21600873,起床气好大,5,-1
我的心是饼饼的[妙啊],415352228,冶银河,4,-1
[呆][呆][呆][呆][呆],28130335,雩雪霖,6,-1
冰冰说想多吃几顿火锅，叔还不快安排上[热词系列_知识增加],7395287,中出生,6,-1
回复 @吃花椒的喵酱 :居然没关注公司号？,120330658,每日一币有点少,5,-1
[呆][呆],19686163,蒙多想回家,5,-1
回复 @地表最强小公举吹 :不至于不至于[抱拳],28511286,音越暗符,5,-1
饼饼赞冰冰,491923932,HisSayu,4,-1
叔！,90196292,wo的maya,5,-1
回复 @地表最强小公举吹 :不至于不至于,16551068,清泠白衣,6,-1
回复 @地表最强小公举吹 :不至于不至于,25737864,玉殒金销惜蘅芜,6,-1
捞之,85831685,司空蜀,5,-1
"还记得，冰冰家的猫特别喜欢吃花椒
挺重口的",22164796,MrMiDou,5,-1
表情好像你啊,18412556,班澄涟,5,-1
饼饼[呆] 你又胖了,28895305,闪烁之刃,5,-1
我的手是冰冰的，我的心是饼饼的[doge],9143089,马0薯先森,5,-1
饼叔，说好的节目呢？一段时间直接跨年了[笑哭],296163504,幽灵貝貝,5,-1
饼叔号保住了[吃瓜],177810740,最长的zz,5,-1
看冰冰光速涨粉,393174338,黎雨空明,5,-1
小饼，你也来了嘿[呆][呆][呆],12853540,前端小学渣,5,-1
饼饼和冰冰,333579103,走在街上的小年轻,5,-1
哈哈哈,405496338,只爱吃花椒的猫,5,-1
回复 @地表最强小公举吹 :不至于不至于不至于不至于不至于不至于[妙啊],182185680,银色丝线ヅ,5,-1
[呆][呆][呆],277405618,陌上星空丶,5,-1
回复 @地表最强小公举吹 :不至于，不至于[doge],360461034,秋风落叶闭重门,5,-1
饼叔,643931362,Mr_Apple_,3,-1
FGNB,108864511,真理只存在于剑锋之上,3,-1
一天百大？真就离谱了  果然我的心和人都是冰冰的,22065310,ZION丶520,5,-1
[打call],27841927,狄狄367,5,-1
哈哈哈哈叔来了,22475032,-Seraphine7,5,-1
[呆][呆][呆],2541094,鹿达尔丶饭盔,5,-1
我的心是[呆][呆]的,12258827,炒肉卖没了,5,-1
捞一捞饼叔,31929005,周滚草,5,-1
回复 @地表最强小公举吹 :不至于[doge],7953353,账号已促销-,6,-1
这大胖头鱼啊长的可像叔了,5739424,SM李赫宰,5,-1
这视频是不是食贫道做的后期啊？字幕运镜BGM味都太冲了,65885835,别拿小棍扒拉土,6,-1
看完冰冰有那么一点点想念饼饼[笑哭],241307,不自重的少年,6,-1
回复 @吃花椒的喵酱 :这表情太像饼叔了[呆],529421669,怎么了小老弟86,4,-1
今天要过百万了,59439178,静三万,4,-1
冰冰看到饼叔肚子不饿吗[doge],1425894047,zxzpbfc,3,-1
[2233娘_吃惊][2233娘_大笑],17431010,牧濑红莉栖大好き,6,-1
[呆],50371987,雷电法王杨大哥,4,-1
我来了,629053044,顾朽-名字好难起,4,-1
自投罗网[辣眼睛],3896194,小生HR,5,-1
[呆][呆][呆][呆][呆][呆][呆][呆]哈哈哈哈哈哈哈哈,404708087,爆炒皮卡丘Q,5,-1
捞一下,39540816,梧桐的月,5,-1
[呆][呆][呆],7875333,猎人战非,5,-1
回复 @怎么了小老弟86 :这就是b站专门定制的[喜极而泣],91264663,一颗酸葡萄_,5,-1
回复 @吃花椒的喵酱 :好家伙，一个视频吸粉这么多万....莫非你是真的冰冰？,325677900,理想主义的李懒狗,4,-1
你要吃我[害羞],90171737,贫道也疯狂,5,-1
[呆],93929037,滴滴答了,5,-1
可以取关饼叔了[吃瓜],7049396,走石,6,-1
我来了,107102077,我要没有币啦,5,-1
剪辑风格好像饼叔的百万剪辑！！,73830111,呃今夕何夕是归年,5,-1
[呆][呆][呆],9878675,ccsms,4,-1
捞[呆][呆],879241,一般社员叶BRA,6,-1
[呆],229734046,熙熙の无厘头少年,5,-1
这表情和你一模一样呢,7648495,鱼鱼宇宇鱼-,6,-1
[鼓掌],170072424,飒爽as撒旦,5,-1
[呆][呆][呆],100906264,我的无敌可爱小胖妞,5,-1
[呆][呆][呆],2079977,Hensition,6,-1
[呆][呆][呆][呆][呆][呆][呆],271488924,一下子胖起来的冯较瘦,4,-1
嘿，饼叔[呆],291469986,吃花椒的喵酱本喵,4,-1
马上粉丝就要超过叔了,13145290,十号石昊,6,-1
抓住饼叔！,266748429,青云屿风,5,-1
捞[呆],272222825,杨楊杨楊幂,4,-1
饼叔的粉丝是好久才到百万，你看看人冰冰，距离百万掐指可数,32388082,助攻king,5,-1
饼饼[呆][呆][呆],100614221,又见尹,5,-1
回复 @吃花椒的喵酱 :嘿，冰冰[呆],313308551,拜仁中场核心蒂亚戈,5,-1
叔这个表情包就是给您设计的吧么么,1290757,六边形战神一条兼定,6,-1
饼叔现在知道谁才是大腿了吧[doge]看看冰冰，再看看你,700680837,痛6达10S3,4,-1
[辣眼睛],150223794,收福藏利绅士君丶,6,-1
多和冰冰合作呀！,492055994,森培凡1,3,-1
[呆]饼叔与冰冰,15778966,愚者千虑lcn,5,-1
回复 @吃花椒的喵酱 :[呆][呆][呆][呆][呆][呆]冰老婆,474681559,小白打他,4,-1
一群4，5级的大佬。我一个2级小萌新只能默默说一句，当不了热评就当热评下的热评，当不了热评下的热评就当热评下的热评下的热评………都是热评[大哭][大哭],1869503339,和宝宝doge,3,-1
看到这播放量，叔有啥感想[doge],14095860,dldld低低,5,-1
[呆],364177332,氯基生命,4,-1
离谱,473504281,bili_37298902454,4,-1
回复 @吃花椒的喵酱 :这表情就是饼叔本人了[doge],331441596,花椒冰酱,5,-1
回复 @吃花椒的喵酱 :二级up,44224657,四躺三,5,-1
回复 @地表最强小公举吹 :使不得[doge],19054316,在线等一个萌新,5,-1
今天好冷啊，我全身都是冰冰的[捂眼],363138131,我真是个天才ぇ,4,-1
[呆][呆]丑了,85005908,诗酒半生闲,5,-1
哈哈哈哈     老公粉来了，我直接就好家伙，5个小时70万粉[呆][呆][呆],225594197,折子渝渝渝,5,-1
[doge][doge][doge],34630923,mu木不哭,5,-1
就算是你，跟我抢冰冰我也要翻脸了哦！[滑稽][滑稽],301314615,飞翔的小船长,5,-1
嘿，饼叔[呆],13442936,link-sw,5,-1
饼叔赶紧交代，视频是不是你们做的,37120353,三体神教归零者,5,-1
饼叔你猜冰冰今天粉丝能不能超过你[歪嘴],40071123,稳妥酸奶,5,-1
如何评价冰冰一天涨了冰叔2年的粉丝量[doge],7026195,你是怎么睡得着哒,5,-1
视频是树的团队制作的[呆],41108681,健哥哥9411,4,-1
这是冰冰个人号嘛,346125174,筱雨筱雨自有主张,5,-1
叔也来了,107489143,障的搬运工,5,-1
我几年前关注的up原来已经有一百多万粉丝了[热词系列_知识增加],27628622,军统的女人,5,-1
我冰冰晚上就破百万[doge][doge][doge],105042285,痴呆妄想症的傻子,5,-1
叔！[呆],27735578,顽皮卷,5,-1
可以取关你了[吃瓜][偷笑],67949336,胖丢先生,5,-1
还不快去查干湖请冰冰吃饭！[呆],35569567,曦雲灬圣琦士,5,-1
你看，冰冰半天就收获70多万粉丝,476928142,化肥袋子,4,-1
好家伙，一个视频的粉丝都快赶上央视了[辣眼睛],413260836,幽莨,5,-1
回复 @地表最强小公举吹 :不至于不至于不至于不至于,10644193,愤怒的公爵大人,6,-1
回复 @吃花椒的喵酱 :老婆老婆,67062741,武陵年少时,3,-1
[呆],370363012,烛残漏断频欹枕-,5,-1
回复 @地表最强小公举吹 :有钱一起恰[热词系列_知识增加],7731600,花月夜゛,6,-1
[呆]饼叔御用脸,64998284,和和和和和和尚,5,-1
我的心是饼饼的[呆],2300812,流岚浅色,5,-1
猜猜冰冰粉丝数几天超过饼叔,229083966,imjingle,5,-1
这个表情也太适合叔了[呆],11181172,迢迢kun,6,-1
我叫豹王冰冰[星星眼][星星眼][星星眼],365338494,草之梦Jay,3,-1
回复 @冬呱视频 :不务正业[doge],372381777,苝鄍有崐,5,-1
热评下面全是“你来了”，这个视频是认亲视频吗[辣眼睛][辣眼睛][辣眼睛][辣眼睛][辣眼睛],386858320,裹在时代洪流里前进,5,-1
不愧是你[滑稽],160342493,友lY,4,-1
"哈哈哈哈哈哈哈哈哈哈哈哈哈哈
[呆][呆][呆][呆][呆][呆][呆][呆]",434411268,核桃反杀脑袋,4,-1
哈哈哈哈哈这个表情怎么那么像,474352868,平平无奇陈某某,4,-1
[doge],8119906,qfxue110,5,-1
[妙啊][妙啊],516872146,人物平志,4,-1
叔，更新视频,379498602,追梦人李三七,3,-1
回复 @吃花椒的喵酱 :我的心是冰冰的,80673264,阿依林海,4,-1
好家伙，美女与野兽[doge],521100309,提笔妙妙屋,3,-1
[呆][呆][呆]我也要,107556220,赛博tl,5,-1
哈哈,18731786,新西兰香蕉,5,-1
回复 @吃花椒的喵酱 :hhh好可爱,89576374,Venti_R,5,-1
捕捉,360634050,赖小七的男票,5,-1
美女与野兽[抠鼻][抠鼻][大笑],98613299,哔了昵称,5,-1
[doge],696341744,求道金林,3,-1
[呆],268461651,Wuhuang777ywb,5,-1
叔，您来啦[OK],249623906,SUNのKUN,5,-1
我要上热评的热评冲冲冲,277660132,想成为star的胖橘,4,-1
要冰冰，不要饼饼,22212310,不想桃,6,-1
抢饭碗来咯哈哈哈哈[doge],227604856,朕的天下朕的江山,5,-1
饼饼[呆],12701941,啊琳alin,5,-1
饼饼,274400580,藤原拓江,5,-1
我输在了哪里？,336691822,人人余大SAO,4,-1
[呆][呆][呆][呆][呆][呆][呆]这表情和叔简直一毛一样,280133526,Punk__double,5,-1
捞一把,500752597,雩风三月未可知,4,-1
捞[微笑],389853882,一捧玲豆,4,-1
冰冰冰冰,156783818,雪藏过往,4,-1
[呆][呆][呆][呆],5315484,栗子梨子李子梅,5,-1
饼饼来了,259925376,养乐多627,4,-1
冰冰被饼饼宾，饼饼被冰冰摈,3094182,贫贫无崎西莉卡,6,-1
回复 @地表最强小公举吹 :不至于不至于不至于，兄弟，这钱恰了你良心不安啊[doge][doge],301090855,理想型七七子,5,-1
[呆]这个表情我是真的爱了,242018910,王酸臭,5,-1
她来了取关了[doge],445015235,想不出名字了78,4,-1
嘿嘿,6512653,冷空气东移南下,6,-1
这涨粉速度就离谱啊,426310830,Quasimodo怪物,4,-1
捞一下~,121772749,HangYiKei,5,-1
[呆],49790499,一叽咕咕咕咕咕咕咕,5,-1
发现你和冰冰有点像怎么办,239866246,上海骗子舒明明,5,-1
嘿，冰姐[呆],2806965,今个刺秦王,6,-1
捞一捞，饼叔[呆][呆],224818215,酸甜小醋,5,-1
回复 @李成蹊1999 :捞一下[呆],312051607,白鸭Turing,4,-1
这次一定！下次也一定！下次还一定！次次都一定！下面上不去了！这里蹭一下！,259963037,沉心_金爷,5,-1
捞一下,97381693,反手给你一拳,5,-1
来了[doge],106200670,乐乐自信久点,4,-1
[呆],525237357,卢笨伟-混子,3,-1
[呆][呆][呆],185814747,darren573,5,-1
当饼饼遇上冰冰[呆],61079206,海绵宝宝足兆蛋儿,5,-1
这表情还真像饼叔[呆],14335974,凯维斯,5,-1
硬币比赞多,89476875,PsycoPs,5,-1
够味，顺便说下实在太丑了,353422850,太知趣,5,-1
回复 @吃花椒的喵酱 :ddd提前预定老粉位置,114000704,BiosDoppelganger,5,-1
饼叔来了[呆][呆],40645174,想要上岸的柚子,6,-1
嘿嘿嘿,39427304,LYUANさ,5,-1
大家有必要思考一下，为什么这货的评论最靠前,401425812,JASPER-12138,5,-1
[微笑],384966843,吃拳头不,4,-1
嘿！这表情好像饼叔哈,433943766,情思灼灼花飞半夏,4,-1
回复 @吃花椒的喵酱 :冰冰姐，加油！新年快乐,16019958,艾索羽丶,4,-1
请不要把自己的脸放在评论区[doge],404123967,看天上什么都没有,5,-1
我感觉这视频是你们做的？？这质感！,378463753,非知28,4,-1
感谢大家给我老婆投币[doge],489911515,你真让人惊喜,4,-1
好家伙，第一个视频，300多万播放，瞬间涨粉89.8万[抠鼻][doge][呲牙][歪嘴]直接写入B站历史。算得上是最快涨粉记录了[doge]。,452943821,图芬奇FinchTu,4,-1
小饼,14494086,呀呀呀呀呀呀呀哇,5,-1
800,261711287,盵花椒的瞄酱,5,-1
捞捞你[呆][呆][呆][呆],334941614,第五罗马尼亚,4,-1
[呆],19839665,豆腐崩溃了,5,-1
可能冰冰的一个视频涨粉就能炒锅饼叔辣[滑稽],480468498,老大叔的小甜筒,4,-1
我的心是饼饼的,358452,Mr.GEN,6,-1
一天粉丝数就能超过叔，叔酸了,49249878,123145189,5,-1
看这样一天到百大，太强了[笑哭],16345283,会员购中心,6,-1
在？为什么发动图,334908943,纵使山河绝艳,5,-1
好家伙刚才看79万，现在快90万了,374705131,_用命搏青春,4,-1
回复 @寒丶霜降 :兄弟不至于，不至于,15473446,帅气的长草颜团子,5,-1
[呆][呆],16681633,WhatHowWhere,5,-1
24小时走完饼叔几年的历程，这就是央视的威力么。[微笑],94629706,原来是御坂呀,5,-1
我看到你才想起来是你们做的视频,12494638,Palom1no,6,-1
直奔评论区找饼叔[tv_doge],24272077,黑海冰月,6,-1
我的心是饼饼的,2119593,飞龙骑脸了你说怎么输,5,-1
嘿！饼叔！,9012936,蛟矫铰酵蕉,4,-1
饼哥，改叫大头鱼吧，离冰冰更近。[滑稽],15021937,bhhhhl,5,-1
捞一下饼叔！,1985694,Cutesmiley,5,-1
马上粉丝数就要追上你了啊！,72238947,秋水一色G,5,-1
饼叔专属表情符号[呆],1912405,卍提線木偶卐,6,-1
[打call][打call][打call],107051618,心都是冰冰凉凉的,5,-1
"冰冰的吃播不错,饼叔可以考虑取关了",288340970,cosmos__,4,-1
哈哈哈，这个表情和饼叔太像了,455423421,Kifeliu,4,-1
饼饼你开了啊[呆],8985212,dear丶呵呵,5,-1
[呆][呆][呆]梦幻联动啦,21636452,傅立叶儿,5,-1
[呆][呆][呆][呆]你干啥啊喂,388249777,时秒学长,5,-1
这视频是饼叔工作室做的吗[星星眼]整个看下来饼味太足了,3252066,MacrosPlus,6,-1
叔 [捂眼],174938742,waaaaahhhh,5,-1
"冰冰❌
[呆][呆]✅",314484301,菊西蒙,5,-1
这次一定,329929051,在下何贵为何淦我,5,-1
我就发发回复看看自己可以吗,347542164,为什么长度不够注册,4,-1
冰！,43295527,安滋乌尔宫,5,-1
我等这一刻好久了，你们上次吃的那个看着流口水。,418523,梦羽之叶,6,-1
外面天气冷冷的，我的心是冰冰的,102326340,奈斯本人,5,-1
[雪未来_击掌],316680526,观星Lee,5,-1
顶住,198732942,把你的脑袋留在深巷,4,-1
当初看老饼的视频就找吃花椒的喵酱，还没有什么关注量，这一看，好家伙,32413307,双眼皮兔斯基,5,-1
[热词系列_知识增加],31644909,花椒喵喵,5,-1
[呆],519152140,012竟然说,4,-1
你是谁？你是做什么的？为什么冰冰关注你[傲娇],6565997,王茕茕-,5,-1
回复 @吃花椒的喵酱 :饼叔老专业人了,20614955,组长78,3,-1
[呆][呆][呆][呆],37641583,谨燃,5,-1
"是不是带走了你的员工
有点你的风格",7881216,阿李克西,5,-1
一天百万[妙啊],274720439,子非鱼焉丶丶,4,-1
回复 @Joe啾啾啾 :哈哈，刚刚看完，最后的盒饭不错，有肉丸子,79002377,满天星大海,5,-1
[呆][呆][呆][呆],417131717,枼芷青,4,-1
饼叔饼叔！,595711223,沉墨鱼否,3,-1
up觉得很淦，up唯一觉得跟淦的评论,5904839,巽隐之殇,5,-1
回复 @吃花椒的喵酱 :第5000个赞[妙啊][打call],352976160,镜之魔女维多利亚,5,-1
100万粉了,16599545,九华叔叔,5,-1
嗨，您这三个[呆]还挺形象,26959195,能力者不高兴,5,-1
100w了天呐,86273974,鲨鲨是最可爱的小鲨鱼,5,-1
好家伙一天100w，不亏是各位的老婆！！！[doge],353397557,晚安Sweety,4,-1
饼叔 看完你和冰冰的合作后 把你今年的视频全看完了[笑哭] 原来疫情期间在一线采访的记者就是你 当时还不认识  加油加油~希望明年你们继续合作 对了 你和冰冰合作的视频我看了20遍…B站年终总结告诉我的[笑哭],251015998,HY孙局,5,-1
回复 @吃花椒的喵酱 :9:45   破百万粉丝啦,572560209,心皈弥陀,3,-1
回复 @吃花椒的喵酱 :冰冰老乡，新年快乐[2021],489301646,我叫小玲,4,-1
2020年12月31日44分100要粉丝，作品发布10个小时100万粉丝！,79002377,满天星大海,5,-1
哈哈哈,399413245,弯腰摸地球,3,-1
饼饼[呆],1739898,萌了个毛线球,6,-1
百万合影！[墨镜][墨镜],384556803,薄荷糖--_--,4,-1
百万粉了好快[星星眼][星星眼][星星眼][星星眼],525536181,减肥人的减肥魂,4,-1
捞叔!![呆][呆][呆][呆],99590261,哈哈丿嘿,5,-1
嘿，饼叔[星星眼],30470265,小豆芽zZZ,5,-1
请问今年百大up有你吗？,288671924,夜入眠丶,5,-1
10小时百万粉，羡慕吗[呆],367421083,自我放逐的喵,3,-1
我的心是冰冰的,366697345,小扬在鲜花社,4,-1
回复 @地表最强小公举吹 :多加点[doge][doge][doge][doge][doge][doge][doge][doge][doge][doge][doge][doge][doge][doge][doge][doge],277022059,幻海璃月丶蔷薇,5,-1
饼叔，有空带冰冰吃肉去啊,36475028,Jooyon,5,-1
冰饼，你来了[呆],406908815,喝绿豆汤要坚强,5,-1
饼叔！人家十个小时就快要超过宁的粉丝了,267274668,腰缠游泳圈-,5,-1
平均每秒钟有28个人关注，有105个人观看这个视频。[热词系列_不愧是你],345857403,星空之下的未来,5,-1
回复 @自律的二月 :不要恰烂钱,33457909,听听听个鸽子,5,-1
我的心是饼冰的,348618129,JeromeZZZzz,5,-1
冰冰粉丝马上超过饼叔啦[妙啊],166890661,爱啃鸭头的哥达鸭,5,-1
回复 @吃花椒的喵酱 :欺负2级号,386436595,云无心一处秀,4,-1
[呆],179378357,山河不动,5,-1
[呆][呆][呆],223645134,巫卡303,5,-1
"哇⊙∀⊙！
不是吧，我的天下午才三十多万，怎么到晚上一下子就飙到一百多万了？⊙∀⊙！【惊吓】
以后得让你回复，不对，是看到，肯定更困难了。[笑哭]😭😭😭",493886288,道玉子渊,4,-1
回复 @吃花椒的喵酱 :我来欺负欺负二级小up,34685527,网易云难民-,5,-1
回复 @吃花椒的喵酱 :嘿，冰冰[2021],315554882,fihear,3,-1
[呆][呆],57885752,非尘非烟,5,-1
感觉饼叔的粉丝量一天之内会被反超～心疼饼叔，抱抱冰冰～,370537817,水恒温,5,-1
冰冰来了，叔要退位吗[滑稽][滑稽][滑稽],289961055,是琦呦,5,-1
回复 @吃花椒的喵酱 :冰冰新年快乐哟[2021],413279870,重庆张三丰,4,-1
老哥感觉你两天之内粉丝数会被超过。。。。,60914331,6排6亿,5,-1
饼饼和冰冰，你们是好伙伴,315122314,奥利给韵,5,-1
回复 @吃花椒的喵酱 :啊呸,315122314,奥利给韵,5,-1
nb,70028085,武术大湿,4,-1
粉丝数量快要超饼叔了[呆],259280,littlejoker,6,-1
回复 @海的味道我咋知道 :哈哈哈,399284094,喜欢你的小星星-,2,-1
[呆],62604533,这是一只狸猫,5,-1
饼叔，这必须给你记功！,13627651,mitchela,5,-1
回复 @吃花椒的喵酱 :嘿，老婆[微笑],387446541,云雨无欢,4,-1
半天百万粉可还行[吃瓜][吃瓜],43520603,Niuerer,5,-1
哇晒，一天就过百万了,577739112,zaza星,4,-1
每分钟两万粉，大艹,501794846,接下来的路还很长,3,-1
回复 @吃花椒的喵酱 :赶紧欺负一下还只有2级的冰冰[doge],88034189,两只saber酱,5,-1
别笑了 马上粉丝就超过你[doge],8412894,尼玛王啊,6,-1
[doge],22750087,翟小波,5,-1
爱你哟[OK],11437018,胡子红,4,-1
[呆],17400442,想长记性的Up,4,-1
[鸡腿][鸡腿][鸡腿][2021],11131057,s良辰美景奈何天s,5,-1
饼叔好[呆],441350341,系马垂柳边-,4,-1
叔你来了[呆],478198242,云散千山Tara,4,-1
[呆][呆][呆]嘿嘿嘿,347738355,张泽昊0508,5,-1
冰冰的粉丝马上就追上你了[doge],491652179,会说话的驯鹿,4,-1
[呆][呆][呆],573265959,光军不是Hui,4,-1
来了,11952202,天上地下李团长,5,-1
好漂亮的小姐姐,473010852,缘浅时光,4,-1
哇,454630551,姬旎肽梅,5,-1
一个视频赶上你好几年的粉丝了，扎心不哈哈哈,21457031,我生如飞蓬,4,-1
来了,15756744,不知道过去,5,-1
回复 @吃花椒的喵酱 :冰冰害怕吗，一天就百大[doge][doge],290570442,亡徊,4,-1
回复 @地表最强小公举吹 :烂饭别恰，不值得不值得[doge],1567558,侧侧搏唔多觉,6,-1
[呆][呆][呆][呆][歪嘴][歪嘴][歪嘴][歪嘴][妙啊][妙啊][妙啊][doge][doge],360441236,惊虹剑,4,-1
火锅，你可以按排了,38772374,长杆短线,5,-1
叔看这涨粉速度有何感想啊,2316530,谢流离,6,-1
饼饼啊，看看这涨粉速度羡慕不啊[狗子],19072299,被窝外面好吓人,5,-1
1天百万[2020][2021],10880188,dgzdgz,6,-1
回复 @吃花椒的喵酱 :好家伙，这冰天雪地的，我整个人都是冰冰的[doge],18702364,always0_0,5,-1
豹王   冰冰,475627974,kaskksk,3,-1
嘿饼叔，冰冰一天粉丝就一百多万了哦[偷笑][偷笑],393502948,Imaple_,5,-1
冰冰半天时间就百大了，再来点时间就赶上你了[doge],168693753,゜v゜,5,-1
冰冰和饼饼,396566671,巴萨名宿阿尔巴,4,-1
饼叔可是拥有b站专属表情的男人[呆],51128869,吃花椒的喵醔,5,-1
叔，照这速度两天冰冰粉丝就超过你了,480525253,小飞goodluck,4,-1
谢谢野兽[doge],319173618,Winnie--,4,-1
饼叔，冰冰粉丝量超过饼饼了[doge][doge],524518689,大鹅喝阔乐,4,-1
你是冰冰赞的唯一一个[tv_鼓掌][tv_鼓掌][tv_鼓掌],387111642,让安的世界,4,-1
饼叔，你这两年的粉丝量，恐怕要被人用两天就超越了[狗子],18670003,80后的老年人,6,-1
捞一捞,102755075,小呀小女士,3,-1
爱了爱了[呆][呆][呆],1113240,奈亚子灯里,6,-1
[呆][呆][呆],100957290,四月的最后一秒,5,-1
回复 @吃花椒的喵酱 :你来了啊,394667443,山神處機名为邱,5,-1
回复 @吃花椒的喵酱 :啊这,214334120,站似真的流批,5,-1
人家只看毕导和何同学，饼饼别蹭了，真不熟[doge],225372,皇天陵,5,-1
[喜欢][喜欢],569666894,一夜扁秋,2,-1
一天的粉丝数超过你，怕不怕[吃瓜],392880030,吃花椒的喵咪,5,-1
歪泥饼饼！,359083407,触底反弹er,5,-1
捞一下叔[呆][呆][呆],11465583,11465583,6,-1
同样一百多万粉，你辛辛苦苦几年，人家就一天！,347373999,降龙十个大巴掌,5,-1
什么表情[无语],360031220,带玉擒蚊子,5,-1
饼叔多少年创下的167万粉将被冰冰几天超越[doge],229058911,孫Goku_,4,-1
[呆][呆][呆],294441397,whished,4,-1
叔，关于冰冰一天百万粉你有啥想说的,39685842,刺青若柔情,5,-1
回复 @無口的白 :[呆]这是叔专属表情,581728,Zliwesaco,6,-1
[呆],384080858,海瑞阿普,4,-1
饼叔这种小UP也来蹭热度了？[呆],298445994,叫小哥87,5,-1
回复 @地表最强小公举吹 :啊这,686121917,萧家大小姐萧玉若,3,-1
[呆][呆][呆],7919403,少年永远有希望,5,-1
别人一天百万粉。。。叔羡慕不。。。,32099012,不是二次元的人,5,-1
饼叔立功了[惊喜],167393513,中華小DUANG家,5,-1
[doge],302094952,翡冷翠的冷雨夜呀,5,-1
你2年才干到的事我们家冰冰花了半天，呵呵哒,377707802,爱喝粥de左丘戈雅,5,-1
Up主觉得赞[雪未来_堆雪人][雪未来_下雪了][雪未来_给你惊喜],43746678,life丶丶丶,5,-1
[呆][呆][呆],471949326,吴xf7,3,-1
饼叔酸了[呆][呆][呆],133231117,影_Legends,5,-1
借大佬楼层留名,201648043,菊花煮茶,4,-1
请问，对于冰冰的粉丝一天就快赶上你这件事怎么看,1326061,陪你到世界的终结,6,-1
我来了,452058726,最爱爱吃花椒的喵酱,4,-1
冰冰的粉丝数量会不会超过饼饼,293458663,antonywe,5,-1
冰冰都暗示吃火锅了 下期还不搞快点[doge],76846211,carcalm丨空,5,-1
一年前的视频，真好看,30440149,诶诶呀呀,5,-1
饼叔几年的关注量快被冰冰一个视频追平了，哈哈,30939402,Goblettea,5,-1
回复 @地表最强小公举吹 :收了多少钱？快说,6654114,Yekim,6,-1
这制作莫名的熟悉[呆][呆],473136718,bili_17429114879,3,-1
这视频一看就是你拍的。[呆],912430,wharx,6,-1
饼叔，美食up地位面临挑战[doge],7252476,血色黑液,6,-1
回复 @地表最强小公举吹 :不至于[呆],11968457,请叫我小k就好,5,-1
[呆][呆][呆],7748806,涩笔,5,-1
饼叔，火锅，安排，懂？[呆][呆][呆],473136718,bili_17429114879,3,-1
[呆]专属表情,24940339,没发觉带着你离开,5,-1
我的心是饼饼的[呆][呆][呆],44635809,神马名字好咩,5,-1
必须捞[2021],439214374,冰城大板儿砖,4,-1
捞不到了，太沉了[呆][呆][呆],399577085,杀神风--,5,-1
我的心是饼饼的[呆][呆],19038426,鱼书书书书,5,-1
嘿叔来了[呆][呆][呆],11143983,瓜田吃瓜小猹儿,5,-1
人家一个视频的涨粉数快赶上你了,232699272,超级懒E,5,-1
多捞啊[呆][呆][呆],40060622,独享方知其乐,6,-1
回复 @狗狗pa了faker :我要急支糖浆！,442692671,某不愿透露姓名的橘猫,5,-1
饼饼快点更新了[doge],277961076,万恶的美国佬,5,-1
你们这些人再前有用么，冰冰早就是我的了,37982300,四川话大菠夢,5,-1
嚯，冰冰粉丝涨得有点快啊叔！,1740397,洪山桥散修,6,-1
嘿，粉丝数快超过你了[呆],21399445,leechang007,5,-1
我怀疑视频是食频道千万后期剪的，建议直接去食频道取代饼叔,22728048,易溶易挥发,4,-1
饼叔就是来蹭蹭的,298086012,WakinGe,5,-1
你看她的粉丝快比你多了,233490587,圣皇之谦,5,-1
鲶鱼大饼子[妙啊],36308716,我是铱星闪烁,5,-1
上不了热评，就上热评的热评！,49408475,国家一级保戶废物,5,-1
[呆],41575974,沙雕的一天啊,5,-1
[doge],310992595,阿扎提路的贝斯手,3,-1
这个播放量羡慕吗，饼叔[doge],8296392,百喰纵横,5,-1
回复 @狗狗pa了faker :会说话就多说点,39244089,Zamiams,4,-1
回复 @無口的白 :但这不是饼叔专用表情么[喜极而泣][捂眼],262929372,8蒜蒜8,5,-1
不知不觉，这个评论回复都快一万了,262929372,8蒜蒜8,5,-1
哦，你就是那个等等啊,3009948,左梦天空,6,-1
我的心是饼饼的！,3163861,人间理想白玉展堂,5,-1
还以为冰冰要跟叔开新节目，一直等着呢！没想到冰冰自己来b站了,67943332,起飞去往彩虹海,5,-1
嘿嘿嘿，饼叔[呆][呆][呆],66837959,你可爱的像小兔子,5,-1
回复 @地表最强小公举吹 :不至于不至于,113686136,三岁小太阳sunNs1w,5,-1
一天涨了100万粉，明天就超过你了,13950104,naphet,5,-1
这刚来一天就赶上你的百万粉儿了。。。[偷笑],7361842,尼克蜀黍,5,-1
回复 @吃花椒的喵酱 :我的心是冰冰的,379804559,吃花椒的喵酱bill,5,-1
回复 @吃花椒的喵酱 :加油哦冰姐[吃瓜][吃瓜][吃瓜]新年快乐注意身体w,479212590,2021年版灰叔王子,3,-1
回复 @-鹿有鸣- :小嘴真甜,12307954,bkugyuctdr,5,-1
[呆][呆]来了,9424474,第七个四月,6,-1
[呆][呆][呆][呆][呆][呆][呆][呆],73647126,微明一一,5,-1
刚来，粉丝快超过你了嘿,267602,小牛哥,5,-1
回复 @地表最强小公举吹 :[热词系列_知识增加],389008255,孙老师的100万,4,-1
饼叔你没机会了，冰冰单干了[呆],1226672252,hockeyer,2,-1
[呆][呆][呆][呆],1954068176,不怕风语不怕雷,2,-1
这是要抢叔叔的🥣🥣🥣🥣🥣🥣🥣🥣🥣🥣🥣,449986072,ba啦啦小mo王,4,-1
看看冰冰，瞬间百万，叔,31960882,我不是老胡,5,-1
美女与野兽[呆][呆][呆],12647527,死灵圣骑,6,-1
天冷了，我的心是冰冰的。,26069497,螃蟹壳虾米,5,-1
你这粉丝数马上就要被超了[doge],106858003,小丶咩哥,5,-1
你也要急支糖浆？？？,1633549,☆狼与香辛料☆,6,-1
绝对是你家的后期,27254913,这边建议Remake,5,-1
我的心是饼饼的[呆],307526026,DouglasJoy,5,-1
[呆][呆][呆],413583598,麦芽糖好好吃,5,-1
叔很绝望，几年的粉丝被一天超过[滑稽][滑稽][滑稽][滑稽][滑稽],11306181,彩虹六号小马,6,-1
捞上去,418546140,地理科学怎么学,4,-1
哈哈,7205596,XiaoMing丶,5,-1
始于冰冰，终于饼饼[doge],224567,本子喵daze,6,-1
视频是冰冰的  我的心是饼饼的[呆][呆][呆][呆],253055331,o0米兰one0o,5,-1
怎么会有这么一个表情[呆],37026103,最近有点暴脾气,5,-1
叔！！,130762958,王佳琳琳琳琳琳,5,-1
冬天来了，我的心都是冰冰的[星星眼],438864064,Reykjavik2,4,-1
饼叔，看看人家冰冰第一个视频都快100万的赞了。在看看你,30977382,什么鬼东xia,4,-1
大开大合,157630702,muhanmude76,4,-1
饼饼你来看冰冰啦[呆][呆][呆],13874050,牛师傅ヽ,5,-1
别想了人家有男朋友了，男朋友的主页https://space.bilibili.com/,360362010,秀日一火,4,-1
捞下饼叔,1977445,小朋友最喜欢草莓,6,-1
你这条评论的赞都有10万了,1269322,祈祷中的少年,6,-1
回复 @吃花椒的喵酱 :嗨，老婆。,390026875,23333492356_bili,4,-1
回复 @地表最强小公举吹 :加那么多狗头干嘛[doge][doge][doge][doge][doge],499571755,孤鸿万里清,4,-1
回复 @Eason子元君 :之前有过合作，可以去看饼叔视频,320871883,威威威威尼斯,5,-1
表情饼叔本人[doge][doge][doge],650451693,欧皇便是本人了,3,-1
饼叔新年快乐[呆],28692998,白羽・菈菲尔恩兹沃斯,5,-1
上去！上去！,9350592,星咏歌呗,6,-1
饼饼和冰冰,59468164,烦米熊turbo,5,-1
我的心也是饼饼的[doge],38620023,来自宇宙的锦鲤,4,-1
捞捞,31259125,En叫什么名字呢,5,-1
上去上去,140052211,二十四番梨花刹那,5,-1
冲,37440730,太阳骑士辉耀,6,-1
"你发现没有？
这个小骗子，第一时间想到的都是撒谎。[笑哭]
当初她在剁鱼的时候，就是那个看见没有叫“老婆的都被剁了”的表情包出处，先是下意识说没有微博，后来又说保密。😂
然后好像是和那个叫吴端正的坐在一起，说自己没有b站账号，说是因为要发视频怕麻烦，后来又说了，原来是一直有的，但是被那100道题给吓跑了。[笑哭]😂
是哦⊙∀⊙！
妈呀，这小骗子良心小小的坏！[笑哭]
赶紧找位得道高人收了她，可不能再这样祸害苍生了。[喜极而泣]
……还是那句，不喜勿喷。[捂眼]",493886288,道玉子渊,4,-1
[呆][呆][呆][呆],75562263,路过天空,5,-1
叔你来了[呆][呆][呆],407700843,-REd-睿尔德,5,-1
冰冰欢迎到云南来玩[呲牙],481061376,杨小衎,4,-1
粉丝一天被超作何感想,41697460,_江帆,5,-1
马上冰冰就赶上你了，饼叔,382708913,小德的发发,5,-1
辛辣天赛[热词系列_大师球],27957698,代号烈焰兽,5,-1
[热词系列_知识增加],259665163,二匹马赛克,3,-1
看看冰冰粉丝已经超过你了,383235237,发生神么事,5,-1
来了粉丝就超过你,64330569,部乐俱技竞戏游DGL,5,-1
送饼叔上去，免票，单人通道[doge],36735245,碰ci,5,-1
[打call][打call][打call],4431572,AdaMengM,5,-1
叔，她要吃火锅[OK],27459242,二萌AA,5,-1
饼叔，冰冰粉丝量就要追上你了[doge],6187218,庚辰流火,6,-1
娇艳欲滴,323373335,蘑菇蘑菇哒哒芒果西瓜菠萝芒果,4,-1
[热词系列_梦幻联动],181054997,Rap-两年半,4,-1
[2021],354311591,JuziDD,2,-1
回复 @地表最强小公举吹 :你想和叔击剑？🤺🤺🤺🤺,143185056,诺言的諾言,5,-1
回复 @辰易Daniel :一的小一一一一一一一一一一裴,480043112,卞小白变白,4,-1
三个关注之一只有饼叔被赞，看来还是饼叔赢了[妙啊],33340933,马季亚巴库内3-3,5,-1
冰冰 饼饼啥啥分不清楚,731773,四月是你与我的谎言,5,-1
回复 @吃花椒的喵酱 :你有点沉啊冰冰[doge][doge][doge],1453092718,正在充电_____,3,-1
回复 @随便打打12131243 :调皮了一下，不习惯狗头！,430626798,挚爱毅生858885,3,-1
饼饼你来啦！,1516173,逃之夭,6,-1
叔！冰冰的粉丝量要超过你咯[doge],7068976,icelocus,6,-1
我的心永远是饼饼的,107307010,失智博士-JK,5,-1
？套近乎？装熟人？,208935345,jokerblood,5,-1
饼饼[呆][呆][呆],15228044,直男思维,5,-1
饼饼你来啦[呆],3760796,休憩中的白云,5,-1
冰冰[打call][打call][打call],514307316,胧烟雨妆春夏,4,-1
饼叔粉丝纷纷倒戈[呆],14637491,伟大LEMONADE,5,-1
叔，冰冰快超过你了，你什么感谢[doge],118606448,Rin_Tohsaka,5,-1
这个表情太像了,44443977,还没翻身的小咸鱼,5,-1
饼叔，你怎么把你头像当成表情发上来的[微笑],179795372,九华山香醋,5,-1
饼叔啥时候再约冰冰恰饭啊,151180090,静之阳镜,5,-1
饼叔，冰冰的关注马上要赶上你了。一晚100w的关注怕不怕!,409681,GeassXx,5,-1
这个表情真是形神俱备。,290791748,悒悒青橙,5,-1
[呆][呆]哈哈哈哈哈哈哈哈哈哈哈哈哈哈哈,35402847,王瀚哲学笔记,5,-1
叔，冰冰一瞬间超越你，你什么感觉,387655653,瓜迪奥拉小师弟,4,-1
叔还是依旧带点猥琐与正气,397470194,哈喽小倪吖,5,-1
在我老婆面前请叔注意自己的态度,26499030,锦雪傲霜,5,-1
叔嫉妒不,44111210,汉尼拔大爷,5,-1
[呆][呆][呆],950783,提莫正在送命,5,-1
[妙啊],48162553,MarkHE1222,5,-1
[呆][呆][呆][呆],44372661,海口来咯我,4,-1
叔要失业了[doge],396649951,搞事情的Kevin,5,-1
你往常的视频有这一条评论的流量多吗[吃瓜][呆],135587392,左hill,4,-1
捞一捞饼饼,33422390,汪琼羽,6,-1
用了一个视频粉丝要被反超了[doge],275639335,翰书丨,5,-1
唯一一个冰冰点赞的评论,35280553,daeneryszhy,5,-1
啊哈,42211498,阴阳の骷髅,4,-1
饼叔,40222938,或许可追忆,3,-1
回复 @地表最强小公举吹 :不至于不至于,502089424,反戰易頔,3,-1
回复 @地表最强小公举吹 :不至于不至于,57888293,kunaoc,5,-1
论饼叔粉丝数如何几天之内被冰冰超越[滑稽],166264107,莱侬lenu,5,-1
人家一天就超过你了,450541894,七分艳-,3,-1
冰冰好漂酿,489440878,帥比ok,2,-1
别太开心，马上比你关注多了,319033708,磊少Wonderful,5,-1
回复 @地表最强小公举吹 :恰烂钱[辣眼睛],533529341,bili_72084469945,4,-1
回复 @吃花椒的喵酱 :恭喜冰冰要有百万粉丝的牌子了[打call],454268955,我特么是个死非酋啊,4,-1
一饼一饼垒起来的粉还没人家涨的快。[doge],146134996,漫漫长夜蔓蔓,5,-1
叔，失业了[呆][呆][呆],252530391,DOPIGMUSTHAPPY,4,-1
丑了 丑了[呆][呆][呆],274661383,Air_Liberty,5,-1
回复 @吃花椒的喵酱 :捞一捞[妙啊],668715545,义蓬中的白浪,3,-1
你也来了嘿！[呆][呆][呆],8370667,十三奘,5,-1
哦～[妙啊],363047180,猛牛过江,5,-1
这配乐和后期，要不把你的节目一起兼了得了[OK][热词系列_吹爆][热词系列_三连][热词系列_递话筒],24043194,ConstantDu,5,-1
[呆]捞,408249145,昵称真的好难取QAQ,2,-1
[呆][呆][呆][呆],295654982,威猛大爷,4,-1
回复 @吃花椒的喵酱 :冰冰爱你❤️,430322808,快乐的憨瓜,4,-1
[doge]粉丝数快追上你了,147916900,未知の旅,5,-1
粉丝快超过你了。！！！,306467627,认真读书的方块,4,-1
看看人家的涨粉速度,416153947,SeriousPiemon,4,-1
https://www.bilibili.com/blackboard/activity-0cfrhcB8x.html?share_source=copy_link&amp;share_medium=iphone&amp;bbid=8c26fc9cf5678382fea279d30b2f4d28&amp;ts=1609471579&amp;from_module=share-link#/home[doge],13034044,散客的小爱情,5,-1
团队现总价值为200.00005w,1312009,CHiN594,6,-1
既然如此，该取关了[doge][doge],161909594,慕嵤,5,-1
[妙啊],367983305,80不是后,3,-1
你粉丝数就快被超过了[doge][doge],8455124,三体Samia,5,-1
这片子是饼饼拍给冰冰的吧,24389197,武汉铲子,5,-1
即将失业,438541367,当时-流眼泪了,4,-1
啊,434122134,摸喵酱的花椒,4,-1
一个视频就百万关注，羡慕吗[滑稽],26223013,竹次郎的夏,5,-1
冰冰粉丝数快赶上饼叔了,37000141,凛有Oni酱,4,-1
"我的心的饼饼的
[微笑]",2355218,不语居然变成了非酋,6,-1
捞叔[呆][呆][呆][呆],349766439,颖小喵吖,5,-1
明天粉丝就比饼饼多了[微笑]终究还是扛不住这该死的温柔[doge],191033972,我说你是鱼,5,-1
你粉丝数要被超了[呆][呆],220317219,时间实变函数,4,-1
嘿 这不是王冰冰的子频道嘛,57849542,过客馆,4,-1
关注马上超过你了[笑哭],44043604,小萱萱子,6,-1
冰冰是我的,297317347,香格里拉闫,5,-1
回复 @地表最强小公举吹 :人可以，至少要试试[doge],375195420,资深东亚做题家,5,-1
一天赶上叔的粉丝量了[呆][呆],40770066,隔壁小孔成像,4,-1
饼饼为啥叫饼饼,258843126,小孩儿你咋了,4,-1
[呆],434176840,下次亻乙定,4,-1
[呆],474879707,夜雨微润,4,-1
饼叔，粉丝，[热词系列_危]！,92208678,RICK-10,4,-1
[微笑],27747548,yancce,5,-1
粉丝都要超过叔了[doge][doge][doge],398391162,小凡哈FAN,4,-1
饼叔你好，饼叔再见！冰冰来了，以后就不看你了[滑稽],15065370,pkbia,5,-1
回复 @吃花椒的喵酱 :欺负一下2级up，哈哈哈,29123902,放飞自我的90大叔,5,-1
看了眼冰冰的关注数 饼叔心里苦哇[摩羯座_戳一下],59107992,猫猫大舌头,5,-1
https://www.bilibili.com/blackboard/activity-0cfrhcB8x.html?from=zhifu&amp;native.theme=1&amp;night=0&amp;from_module=share-link#/home?card_id=5415108,37683806,可口牛白,5,-1
别人的心是冰冰的，我的心是饼饼的,9850020,总有刁民想害朕666,5,-1
好家伙，这表情太形象生动了，一看就知道是饼叔[笑哭],11049088,黒夕泽,4,-1
[呆][呆]捞一下,422704939,风车木鞋,3,-1
回复 @地表最强小公举吹 :不至于不至于,40438931,Orzzzzzzzza,5,-1
嘿饼叔来了[吃瓜]@冰冰,1839283858,Memorylemon,3,-1
心是冰冰的,348594725,羽飞吖,3,-1
[呆][呆][呆],36385425,小Sakura最好了,5,-1
24小时粉丝超过你[OK][OK][OK],100837564,门房皮大爷,5,-1
"一天秒杀叔团队的n久努力
[滑稽]",36883143,小白龙搬来的救兵,5,-1
"叔，冰冰只有三个关注，其他两个都点名了，你就没点，心理有数了没？[滑稽]
这小刀子划拉的不错吧[大笑][大笑]
新年快乐呀",36883143,小白龙搬来的救兵,5,-1
要超越叔了[妙啊],324531765,华字辈,5,-1
你还不更新,275557092,lai1986,5,-1
冰冰粉丝数量一天超越饼叔，饼叔你怎么看？[星星眼],346619470,孤岛丶sa,4,-1
饼叔好,50534219,天照天天,5,-1
叔[呆],328549639,我的第二条命,5,-1
[呆]来了,316820165,贫僧法号乔治,4,-1
餅叔意识到在这评论一句比做一期视频点赞还多[2021][2021][2021],415352228,冶银河,4,-1
冰冰一天粉丝都快超饼叔了[滑稽],475216995,嘢名,3,-1
嘿！叔反思一下，为嘛冰冰粉丝要超过饼饼？[呆][呆][呆],351357037,Foreveryoungzz,5,-1
一夜之间 反超饼饼 请问你什么心情,22279432,即倖,5,-1
好家伙一天的时间冰冰粉丝就赶上饼叔了[奸笑][奸笑][奸笑],52997235,予狼黑,5,-1
一个粉丝超过饼叔哈哈,398804825,吃包子不长胖哈哈哈,4,-1
回复 @吃包子不长胖哈哈哈 :一个视频,398804825,吃包子不长胖哈哈哈,4,-1
哈哈,519768409,以戒为生,3,-1
马上就要超过你了[抠鼻][抠鼻][抠鼻],492206748,莫名其妙的一米九,4,-1
老板为了少给工资，扮演路人，利用那句忠告骗他走较远的大路，然后自己走小路提前到镇子上扮演店家，大半夜鬼哭狼嚎使男人休息不好，男人第二天昏昏沉沉，被老板请的假店长忽悠，自己提前一天跑到男人家里和男人的妻子聊天，细思极恐啊[doge],190030748,呵呵阿坤,5,-1
叔来啦 最近是不又要去莫斯科了,20841677,一只叫BeaNys的猫头嘤,6,-1
一来粉丝都快赶上饼饼了，饼饼要气死了[呆][呆][呆],2277905,蛋剥掉蘸酱油,6,-1
在，萌新吗？粉丝数这么少[doge],16954700,我有一只小毛虎,5,-1
152.5万啦[doge][doge][doge],511351644,破奴,4,-1
https://www.bilibili.com/blackboard/activity-ShWFq9Ssp.html?native.theme=1&amp;night=0&amp;from_module=share-link#/home?card_id=7405416,286769408,雨泽007008,2,-1
回复 @吃花椒的喵酱 :你看这个冰冰才2级，不如我们[doge],95569906,you点卡,5,-1
冰冰的粉丝马上就超过饼饼了,1393340,我的鞋垫昨晚失窃了,5,-1
饼叔感觉到了压力[呆],197460025,S-大林,5,-1
饼叔涨了好久的粉丝，冰冰一天多就够了[滑稽][滑稽],318168878,云烟千雨,4,-1
饼叔，冰冰的粉丝一天的时间就快追上食贫道了[吃瓜][吃瓜],40287519,mzxy5,2,-1
饼叔看到这个视频点赞投币的数量  哭出声,70432404,离兮恨兮,5,-1
叔  一天粉丝都快和你一样了[妙啊],259539947,捉迷藏第一名,5,-1
再过俩小时，冰冰粉丝就超过饼饼了,94787089,憨sail,5,-1
你马上就会被超越了,12833774,裴映雪,5,-1
回复 @海的味道我咋知道 :这,1583106,畅畅,5,-1
https://www.bilibili.com/blackboard/activity-ShWFq9Ssp.html?native.theme=1&amp;night=0&amp;from_module=share-link#/home?card_id=8257360   求助，求互点,25968202,ttian在线,5,-1
看看冰冰，进站即百万up,50048739,lilac-w,5,-1
一天粉丝就和你差不多了,360748603,木易阳阳,4,-1
跟你混上来,327250333,桃子皮_,4,-1
我的心是饼饼的[呆][呆][呆],77351679,骨灰级的码农,5,-1
这就离谱 饼叔的粉丝数快被超了,398871898,面元素,5,-1
粉丝马上超过你,319546406,企鹅alt,4,-1
叔来了,414130550,小金库嘻嘻嘻,4,-1
饼叔粉丝马上要被超了[偷笑],268626296,月之高悬1,4,-1
回复 @地表最强小公举吹 :不至于，不至于,11228891,biggggerr,5,-1
我家冰冰2天粉丝就要超过你了[doge][doge],249153804,小马儿来来来,4,-1
快请他吃火锅  [doge],18743141,淡淡的文笔,5,-1
叔你来了哈！😄😄,630771621,慕宝最帅了,3,-1
叔，惊喜吗？,24716541,仿佛感到,5,-1
回复 @吃花椒的喵酱 :hi，靓女！😊😊,630771621,慕宝最帅了,3,-1
粉丝超过你啦[doge],302279096,脖铃儿急w,4,-1
你看看银家，一天就快赶上你的粉丝数量了[doge],34599988,早离子,5,-1
海底捞叔,389259215,梦里花开青草香,3,-1
已经比你的关注要多了,274631370,是晨不是尘沉宸,4,-1
粉丝数要抄了[doge],79522980,侥幸的骰子,5,-1
[呆][呆][呆],593858836,roar666699998888,4,-1
[doge][doge][doge],437278403,xinginging,4,-1
‘0,53878292,火舞牛宝宝,5,-1
饼饼饼饼饼啊,18973534,紫苏大叶子,5,-1
一天粉丝就赶上叔了,205959298,全系萌新,5,-1
https://b23.tv/YlOzGT 求冰冰男朋友点下,2066065,蓝虫11,6,-1
叔，加油，还有11w就追平了,34250975,远处有K桑,5,-1
我的心是冰冰的,628479467,Ethan_77,4,-1
巨丑[捂眼],102549195,killedfor,4,-1
[星星眼][星星眼][星星眼]梦幻联动,32260023,黑发墨瞳的少年,4,-1
粉丝马上比你多了[tv_doge],293668986,CCY灿灿鸭,5,-1
好家伙！,349887078,枫雪Jay,5,-1
冬天了我的身体是冰冰的心是饼饼的[OK],47806367,伊凡_,5,-1
最多明天，她的粉丝数就超过你了[呆],211936538,life搁浅的猫,5,-1
https://www.bilibili.com/blackboard/activity-0cfrhcB8x.html?share_source=copy_link&amp;share_medium=iphone&amp;bbid=Z74E4A73B34703234199B205ECE9374E614D&amp;ts=1609490236&amp;from_module=share-link#/home,87216408,MiyazonoKaor1,4,-1
来了,2024353086,大二了吧唧,3,-1
冰冰粉丝很快就要超过你了[打call][打call],352746626,道貌岸然失色,5,-1
评论居然排第一，好家伙,273004907,动漫112,3,-1
两个都关注了,3254899,灰星蓝雨,5,-1
了,474738113,VamosLouis,4,-1
[呆][呆][呆][呆][呆],294696544,看到我请喊我去读书,5,-1
叔，冰冰都快超过你了,19073461,Theholydevil,5,-1
饼叔你的粉丝数要被超了[doge],237760485,奥卡德森,5,-1
两天把你粉丝量超了[tv_抠鼻],496946345,一只黄子,5,-1
回复 @地表最强小公举吹 :你币没了，还要倒扣[doge][doge],482076092,花葫芦大爷,3,-1
冰冰粉丝超过你了呢,167456366,亓风o3o,5,-1
粉丝快比你高了嘿,258871245,淡魂15,5,-1
一天粉丝数就追上你了,8701515,bili_8701515,5,-1
粉丝都快超你了[歪嘴][歪嘴],506659362,lao山姆,4,-1
回复 @零点三的樱花 :超过了,382386623,男丁格尔邓中明,4,-1
叔你粉丝没有冰冰多了[呆],53476364,阿蓮的ID,5,-1
叔冰冰一天的粉丝就要超过你了,4976080,瑾策乔缘,5,-1
马上要超过饼叔了哎[呆],12841853,旧时代的我,5,-1
冰冰没有关注你[doge],471686413,硼基,4,-1
回复 @吃花椒的喵酱 :嗨，冰冰！,381687531,豹王冰冰,4,-1
冰冰上线不到半个月，粉丝人数超过饼饼,500062799,懒觉里速,2,-1
叔来啦！,38459729,寂灭虚空,4,-1
一天积的粉丝超过你三年积的，有什么感想[doge][doge][doge],351332539,汤姆鲜生,4,-1
回复 @吃花椒的喵酱 :捉！[doge],335520181,阿合唧,5,-1
[热词系列_好家伙]来b站一天超过你的粉丝数,366697345,小扬在鲜花社,4,-1
怎么冰冰一天粉丝数就快赶上你了[吃瓜][吃瓜],387485863,佛系浪鸽,5,-1
饼叔[doge]冰冰粉丝快超过你了,15795174,黑白的灰白,5,-1
冰冰一个vlog 粉丝量就超过你了[doge],471770006,东京天气很热知名导演,4,-1
你终于把她忽悠过来了,394367804,付大明白-,4,-1
好家伙好家伙，一天一百多万,38645930,寒千浅,5,-1
叔，怎么看待粉丝比你多这件事[doge],517648776,一诗一年轮,4,-1
饼叔粉丝空心化了[doge],398226640,独家吐槽代表,5,-1
[2021][2021][2021],1643103,LoG葛,6,-1
回复 @地表最强小公举吹 :不至于不至于[doge][doge][doge],476185003,懂居易,4,-1
快超你了,481558147,虽卧床三月尤有游志,4,-1
嘿饼叔，粉丝超过你了,677941914,脸有这么长,4,-1
[狗子],194374294,Alpha陈世美,5,-1
粉丝马上超过你了[呆][呆][呆],20033189,橘白____,5,-1
心里苦吧，辛苦几年，粉丝还没人家几天的多[doge],4615777,枫渔jay,6,-1
心疼饼饼，人家一天就超过你粉丝数了,498006,我不爱奶酪,5,-1
饼叔的粉丝数即将被冰冰的超越[吃瓜],277542808,北方一只羊,4,-1
还差3万，粉丝就超过你了,270063647,晓晨M,4,-1
冰冰一个视频就赶上你的关注量了，饼饼，害怕吗[OK],6674271,高大发,5,-1
回复 @地表最强小公举吹 :[辣眼睛][呆],2662385,600近视,6,-1
粉丝快超过你了，[呆],150223794,收福藏利绅士君丶,6,-1
天气好冷 我的心全是冰冰的[2021][doge][doge],111392619,快乐的dark魔王,4,-1
[呆],425328543,彩虹教主,4,-1
回复 @吃花椒的喵酱 :一看这个二级号就是高仿号[吃瓜],508210093,暮雨潇潇顾安然,4,-1
嗨，饼饼[呆],18434958,天下非酋我最大,5,-1
"http://1il19.cn/riULKl
求点～",7210925,龙_源,5,-1
·全站最强2级号,283678377,雪风゛,4,-1
[doge],19193106,KAZOO_,4,-1
粉丝马上要超过你了[喜极而泣][喜极而泣][喜极而泣],10374543,EPIRB,6,-1
我的心是饼饼的,14916977,冰霜x,4,-1
叔，她粉丝超过你了,21345296,纽扣电台,5,-1
一天粉丝快超过你了！！,485410539,尚齐,3,-1
这表情就很有叔的韵味儿[呆][呆],472767319,七仔刘蒜蓉,4,-1
www.bilibili.com/blackboard/activity-ShWFq9Ssp.html?native.theme=1&amp;night=0&amp;from_module=share-link#/home?card_id=14325524,457819,冰箱里的喵,5,-1
[呆][呆][呆],590841,乳糖不耐请喝酸奶,5,-1
冰冰两天粉丝量超越饼叔了 哈哈,24610583,面食派,4,-1
饼叔获得赞最多的一次,491918852,AeroKai,4,-1
[呆]叔，你来啦[呆][呆][呆],77970598,梦龙恰梦龙,5,-1
叔啊，冰冰粉丝准备超过你了。[doge],2525979,透透枫,6,-1
活捉[热词系列_知识增加][热词系列_知识增加],432473724,做一个仰望星空的喵,4,-1
两天粉丝数就超你了[呆][呆][呆],207653757,殇时节,4,-1
好家伙，冰冰粉丝已经和饼哥一样多了[doge],229058911,孫Goku_,4,-1
[呆][呆],242338449,whowhen7,5,-1
还欠一顿呢，记得请客吃饭啊,188830516,枫叶山林,5,-1
粉丝一天超过你了……,5863017,傅生物语,6,-1
已经超过您了[doge][doge][doge],513223727,建国forever,4,-1
一来粉丝就超越你呢～,26994209,ljt666661,4,-1
回复 @吃花椒的喵酱 :强烈希望冰冰出一套写真壁纸呜呜呜,60969324,Kim桑嗷,4,-1
强烈希望冰冰出一套写真壁纸呜呜呜,60969324,Kim桑嗷,4,-1
我就是提醒一下饼叔你的粉丝叔已经被冰冰超过了,257055,半罗斗仙人,6,-1
饼叔，冰冰来b站两天粉丝就超过你，请问您作何感想？,10864913,小林小林小林,5,-1
粉丝超过你了，饼叔想说句什么话吗？,36044634,qq295154,5,-1
冰冰粉丝超过饼叔了[OK],484290288,路西法_cifer,4,-1
冰冰一天粉丝超过了你，请问你有什么获奖感言？[doge],500333560,淑非呀,4,-1
哈哈哈哈哈哈哈哈哈哈哈,33820274,LiJiia,4,-1
嘿，羡不羡慕。人家一个视频就超过你粉丝数了[doge],287351254,喊朕有何事,5,-1
粉丝数超过你了[doge],483402879,吃海椒的喵酱,5,-1
才来b站粉丝数直接就超过了饼叔运营了这么久的账号，这波可太扎心了,355301733,DIY的名字,5,-1
冰冰的粉丝这么快就超过饼饼了[doge],357807178,中华路张学友,4,-1
一天就达到您这么久的粉丝量什么心情呀饼叔,21539872,我skr人生赢家,5,-1
叔，一天粉丝量过了[吃瓜],4464585,心心念念的小德,6,-1
一天粉丝就比你多了[微笑],13173206,长青散人,5,-1
你粉丝没有喵酱多,455383951,西门不吹雪吹牛,4,-1
我的心是饼饼的[呆]我的人是冰冰的[害羞],389377980,每天都在为了pr扣脑壳,4,-1
评论就离谱,436703564,今天的fan也很好,5,-1
哈哈哈经营这么久的账号168万粉丝，冰冰一天就做到了[滑稽],315205203,隔壁老绅士-,5,-1
冰冰粉丝比你多了诶[doge],31363756,沫然Oo丶,6,-1
完了  冰冰两天的粉丝量超过了饼叔两年的粉丝量[呆][囧],66837959,你可爱的像小兔子,5,-1
[支持],696341744,求道金林,3,-1
冰冰的粉丝已经超过你了，有没有什么感想,33794156,改个名能中奖听说,4,-1
冰冰注册账号一天超过饼叔粉丝数[doge],356147469,地平线麻醉倾城,5,-1
[OK][doge],454055326,儿子你默念了,4,-1
捞一捞[呆],438608260,莜篁,5,-1
..,103236081,心的执着,5,-1
动态求互点,23081288,水曜日のLonha,5,-1
冰冰老公，动态帮点大会员谢谢,16234084,有三藕浮碧池,5,-1
这一天比你粉丝还多[妙啊],390976332,藻蚤N,5,-1
饼叔冰冰的粉丝已经超过你了,18763553,风车小镇Wind,5,-1
哈哈，170万了，饼叔要成饼哥了,100682278,蓝旗司机,4,-1
[呆][呆][呆],34477095,Johnsky,5,-1
粉丝数超你了[doge],416044263,昵称要6枚硬币哦,5,-1
哇，这是谁,18175337,我叫无,5,-1
回复 @请保持安静哟 :[呆]（指微笑）[滑稽],487590413,微文明技法过渡时期,5,-1
刚来就超过叔的粉丝,8763643,天使脑洞,6,-1
粉丝数已经超过你了,34253587,DYSHMILY丶,5,-1
回复 @地表最强小公举吹 :不至于不至于不至于不至于,75519905,营销号会营销,5,-1
叔，冰冰的粉丝量已经超过你了[抠鼻],6187218,庚辰流火,6,-1
饼叔，你粉丝数被冰冰超了哦[妙啊],9040268,神仙打架里的豆泥,5,-1
比你粉丝多了叔，一直以来的努力被轻易超越了,1516173,逃之夭,6,-1
我爱饼饼，我的心是饼饼的[打call][打call],75519905,营销号会营销,5,-1
冰冰一个视频就拥有超过饼饼的粉丝了,244965048,PX杰,4,-1
我老婆,456043639,野-蛮人,5,-1
这就是传说中的饼叔么，i了i了，有牌面[热词系列_梦幻联动],254592259,北地夜雨,4,-1
饼叔，她两天粉丝数就超过你了[呆],2158501,隆老爷,6,-1
看看这粉丝数，饼叔哭晕在厕所[微笑][微笑],235155038,巴扎嘿51king,4,-1
人家一来粉丝就比你多了，害[doge],318955311,失眠手套_,5,-1
粉丝已经超过你了[呆][呆][呆],144685647,抢个好名字,5,-1
嘿[呆],387080430,安琪拉不会蹲草丛,4,-1
fans数就超了[吃瓜],450553852,元气小子丶,4,-1
一天粉丝都超了，怎么说[绯赤艾莉欧_好耶],38104724,-冰可-,5,-1
饼饼没有冰冰的粉丝多了  但是我还是爱冰冰[doge],434941143,庆-山,4,-1
动态互点 必回 各位冰冰老公求求你了[热词系列_知识增加],1385108,牧瀬 红莉栖,4,-1
[呆][呆][呆],51296232,同福中啊駿,5,-1
粉丝怎么比餅叔多,242693193,群众里面有男酮,5,-1
冰冰的冰冰,325185002,难得李大明白,5,-1
[呆][呆][呆],282682,走到那个地方,5,-1
[2021],358664857,雨后gopl,4,-1
呵嘿嘿呵呵呵盒盒盒[呆][呆][呆],399929852,柴米呦不加盐,4,-1
回复 @零点三的樱花 :超过了[OK][OK],35013680,唤醒的声音,4,-1
饼叔的心是冰冰的，看着同事才过了一年粉丝数就超过了自己苦心经营多年的账号。[doge][doge][doge][doge][2021],22778668,廣颐君,5,-1
粉丝已经超过饼叔[呆]了,86440083,-该账户已注销--,4,-1
回复 @吃花椒的喵酱 :一声叔道出了多少心酸哈哈哈哈哈哈,354179968,混世大公子,4,-1
动态第一条帮忙点一下好兄弟们,52828197,我的意大利炮pao,5,-1
冰冰姐超过食贫道了。。。哈哈哈,369542950,在下_叶殊,5,-1
啦啦啦,49531265,王不留行丶今朝,3,-1
一个视频比你200多视频 粉丝多[偷笑],324457397,大侠爱吃豆腐,4,-1
冰冰的粉丝数已经超过老食了哈哈,208900895,小清酒waw,4,-1
UP🐷觉的很赞,234061961,小Wik,5,-1
回复 @零点三的樱花 :已经超过了就离谱,149207090,画渣花小洛,5,-1
饼叔的粉丝量……就这么被超了,102808056,一位键盘侠的自我修养,5,-1
叔，冰冰粉丝超过你了，怎么办，饼饼！,10854938,超可爱的胖嘟嘟,4,-1
你的粉丝已经比冰冰少了[doge],313209177,Cignのmio,4,-1
粉丝比你高了，哈哈[吃瓜],441758579,恋世尚神,4,-1
嘿,326673617,liu066,5,-1
冰！,53219985,带带个人练习生,5,-1
100道题吗？我没答过呀,295729966,杨素o,4,-1
好了冰冰的粉丝比你多了[doge][doge][doge][吃瓜][吃瓜][吃瓜],9525004,爱喝谷粒多的Greed,6,-1
各位大哥教教我这个链接咋弄啊,25966690,空耳天后齐老太,5,-1
回复 @老资深非洲酋长 :已经超过了,326738536,66岁不异域舞娘,4,-1
叔 冰冰刚来粉丝就比你多了，好好反省啊[doge],433591392,Yu_海洋鱼,5,-1
[呆],22229799,实在懒得动啊,5,-1
[歪嘴],137088959,我就来玩一下,5,-1
几天就超过你几年的粉丝，啥感想。,407443635,一个老逼登儿,4,-1
叔，人家一天粉丝就超你了，哈哈哈哈哈！,22851992,怪人三桑,6,-1
粉丝已超过饼叔[doge],5769555,阿毛线吖,5,-1
饼叔，冰冰粉丝超过你了！,166986533,亲爱的刘江,5,-1
回复 @零点三的樱花 :已经超了,166986533,亲爱的刘江,5,-1
饼叔玩三年b站，还没王冰冰一周粉丝多[笑哭],523201507,影视门外汉,4,-1
一个视频粉丝反超饼叔,487442397,听夜晚歌,3,-1
回复 @吃花椒的喵酱 :冰冰同时收到十万粉丝牌，百万粉丝牌一定发视频啊,280454375,磊雷up,5,-1
[微笑][微笑][微笑],1339072,沉哥哥很无聊,3,-1
刚来粉丝就比你多了[妙啊][妙啊][妙啊],19895649,当冬渐暖,6,-1
http://1il19.cn/piltx3 新年快乐,569179,羚角挂云,5,-1
回复 @吃花椒的喵酱 :能请饼叔吃个饭吗[妙啊],5574520,Respirion,6,-1
帮忙点动态求求了,279590660,30岁的00后,4,-1
http://1il19.cn/ZzT1fA,7286920,blingbling心田,4,-1
BV1jf4y1i7da 冰厨记得看,1946371,负雪SSD,5,-1
https://b23.tv/iNxrnS,279590660,30岁的00后,4,-1
https://b23.tv/FpqJYI,34532291,Taeseul,5,-1
回复 @随便打打12131243 :我也记得！,1946371,负雪SSD,5,-1
http://1il19.cn/KcFcFb,3769479,summerball,5,-1
回复 @吃花椒的喵酱 :这个2级号，能评论了啊，恭喜恭喜,1946371,负雪SSD,5,-1
求帮忙点动态,828509,风凌羽,5,-1
这后期太像食贫道了,389670021,ZOSO144,4,-1
妈妈说上不了热评，就上热评的热评[OK],287721413,猫咪雪人,4,-1
https://b23.tv/bUY9Rj 谢谢,13632981,牵绊l,5,-1
https://b23.tv/bDCRhI,65761095,TXL25,4,-1
https://b23.tv/QsDpbw,236534862,templar_K,4,-1
https://b23.tv/QsDpbw 点一下哇,236534862,templar_K,4,-1
叔，冰冰粉丝超过你了[doge],512708897,没喳,4,-1
https://b23.tv/67v9fc  负电子下谢谢,99415702,那就这样哈哈好冷,5,-1
回复 @轮椅老哪吒 :新年快乐 拜托啦https://dwz.cn/31Lnzw32,325363256,若彩虹素,3,-1
https://b23.tv/UPr6MA,100574936,寒光水影,4,-1
叔太难了,241268025,晓风残killer,5,-1
https://b23.tv/foMiJP点点,17172704,DislikeAJ,6,-1
被叔带跑偏的风格[呆][呆][呆],15061470,INVINCIBLEELIYAN,5,-1
5分钟的视频涨了3000粉[呆],244195188,臭赵,4,-1
帮帮忙https://b23.tv/9OJx0U,169638736,肉肉先生呀,5,-1
http://dwz-9.cn/207J6,15405534,HairlessJay,6,-1
https://b23.tv/4RVsr0,321607835,隐杀简素言,5,-1
https://b23.tv/h37SHg，大会员互助，谢谢,8065580,亚瑟王li,5,-1
https://b23.tv/QsDpbw 谢谢,236534862,templar_K,4,-1
[呆][呆][呆],15787549,道尔·乱步,5,-1
https://b23.tv/dpmCJm[OK],379292816,saru1nan,4,-1
https://b23.tv/0F8vgq 新年好,330651169,Thundermonkey7,4,-1
https://b23.tv/ML4IsS,6511198,刘索隆_,5,-1
https://b23.tv/gZ2dRf,4907097,外挂硬盘,5,-1
饼叔、我应该叫你饼哥儿、我有可能比你大点，你看看我冰冰妹妹一天就给你超越了[2021][呲牙],488898185,HK王東先生,4,-1
抓到活的[呆][呆][呆],126217075,有没有名字可以,4,-1
https://b23.tv/8lc7YT谢谢大家,228088545,我和NiKo一九开,5,-1
互点https://b23.tv/dxGTWG,38133217,香奈乎的男朋友,5,-1
冰冰一天涨粉超过饼叔,420836546,非典fedia,4,-1
饼叔 冰冰粉丝比你多了耶[doge][doge][doge],43686096,白菜不白怎么叫白菜,5,-1
https://b23.tv/Upo7E6 欧气,297259757,看到肯德基全家桶,5,-1
https://b23.tv/YzKS63,211909072,闲情-归落照,5,-1
回复 @吃花椒的喵酱 :饼哥儿的粉丝：被你一天超越、冰冰呀！我们都是你的Fans、我们人生的标杆、冰冰呀！你睡觉翻手机的样子和我一模一样呀！[2021][呲牙],488898185,HK王東先生,4,-1
https://b23.tv/WXubId,5233893,哔哩BALE,5,-1
https://www.bilibili.com/blackboard/activity-s96KgT_Nt.html?tid=644912439320210102001356,591889452,我真泥马机智,2,-1
来https://b23.tv/xAjMk0,36894056,名字有人用,4,-1
https://www.bilibili.com/blackboard/activity-s96KgT_Nt.html?tid=644912439320210102001356谢谢各位,591889452,我真泥马机智,2,-1
https://b23.tv/wZIQE4,389531714,谦虚Ning,3,-1
https://b23.tv/fVje5w,471197244,爱吃香菜的胖虎,4,-1
饼叔几年的粉丝被冰冰一夜超过[doge],4740890,嘘三三,6,-1
https://b23.tv/HHUMSU[2021],354301114,加拿大paoking,4,-1
论 如何一天变成百万up[呆][呆],12139879,LuckyCancerboy,5,-1
https://b23.tv/uAvE9V,577778,ccchch,6,-1
https://b23.tv/xd3PNe,5007726,Onlyshine,5,-1
https://b23.tv/aypUxc 感谢JRS,101574562,旅店王老板,3,-1
https://b23.tv/U4OUVE 互点，谢谢,118754,黑化xion,4,-1
https://b23.tv/MT1YCD 进我动态留互点,157850825,把酒言欢醉春风,4,-1
帮忙点动态 求求好人了！新年发财！,28966871,224通,4,-1
兄弟们冲鸭https://b23.tv/ZMwxpt,296559935,帅小虎_24,5,-1
来点抽卡了朋友们https://b23.tv/0de5Hz,36894056,名字有人用,4,-1
"来了来了
https://b23.tv/S6VByT",34107284,Chris33s,3,-1
https://b23.tv/nqks30虎扑冲,336441076,wenzaiiai,5,-1
https://b23.tv/ktI3SW,22943667,KLGJP,5,-1
https://b23.tv/o7qdgJ,38363626,蒸気Goose,5,-1
冰冰一天就超过你的粉丝数[doge],89359684,揣着少女心的海怪蜀黍,5,-1
https://b23.tv/njHmt2互点,175311159,tolooy,5,-1
[呆][呆][呆],3782603,一下楼o,5,-1
https://b23.tv/ToaXP1 xdm难顶,4266031,我应该学习不该在b站,5,-1
https://b23.tv/iH7Jhp冲啊,145848874,哈哈你个渣,5,-1
[热词系列_好家伙],22123936,风雨其雱,4,-1
https://b23.tv/S6VQVP啊啊啊,27286582,自欺欺我若为何,5,-1
https://b23.tv/nPoKKG互点 谢谢,225956216,燦燦啦,5,-1
https://bilibili.com/blackboard/activity-ShWFq9Ssp.html?card_id=19305247 互点,5429645,后处,6,-1
https://b23.tv/loDwvn已点求帮点,8310917,寄给宫园薰的信,5,-1
https://b23.tv/Bb4VKq,10739308,立志做个包租公,5,-1
https://b23.tv/BSgw6Y好兄弟,14464115,恰似你皓齿明眸,6,-1
嘿，冰冰粉丝数已经超过你了,391151994,信封里的鸢花纸,5,-1
https://b23.tv/Dw6jHH,88535394,bigpps,4,-1
一个视频吸的粉比你那么多视频都多，有何感想[妙啊],11681859,诸葛小韭,6,-1
叔，她粉丝比你多了[呆][呆][呆],196612619,大鬼好怕胖,5,-1
互扫！留言！动态,10460783,毅十四,5,-1
https://b23.tv/2r6b2t,8310917,寄给宫园薰的信,5,-1
https://b23.tv/G7PCCU好像全是r，不过还是谢谢啦,13193265,KnighTNTNT,5,-1
https://b23.tv/Oa3yS8谢谢🙏,2961323,冷浪漫,5,-1
https://b23.tv/QuzPR3谢谢兄弟们,33300242,一窝兔宝,5,-1
回复 @吃花椒的喵酱 :59分，不及格，禁止入驻！,408001593,哈佛大学博仕后,4,-1
https://b23.tv/Nnr7BA 仿佛从,38782227,WhitedColor,5,-1
https://b23.tv/5W6xBR,14301984,椿天,3,-1
https://b23.tv/PHxDAR,26706190,结伴同游enjoy,5,-1
https://b23.tv/EvU7iw帮帮忙！,4413551,leemin94,4,-1
胡扫！留言。动态,10460783,毅十四,5,-1
www.bilibili.com/blackboard/activity-0cfrhcB8x.html?share_source=copy_link&amp;share_medium=iphone&amp;bbid=ZA45AEAD2812D38540CD91A3EB53C2BC57F9&amp;ts=1609523385&amp;from_module=share-link#/home 懂得都懂,247884005,质壁分离丷,3,-1
吃着饼饼，心是冰冰,553466755,秋刀鱼是什么滋味的,4,-1
https://b23.tv/t536Rt离谱,2961323,冷浪漫,5,-1
https://b23.tv/Bx5fzU谢谢大噶,267631211,原来是Arenas哦,3,-1
https://b23.tv/LLsl4E,8310917,寄给宫园薰的信,5,-1
粉丝2天超过饼叔,13860581,kyroughy,5,-1
https://b23.tv/Cz4f1V,13193265,KnighTNTNT,5,-1
https://b23.tv/cWhU42,158375175,-Aoki,5,-1
叔是第一个,304739612,深夜果壳,3,-1
回复 @地表最强小公举吹 :群号多少，有钱一起赚,2733680,蛋大如斗黄日天,6,-1
动态回,208786751,polarzedpolar,4,-1
来 留言,1822614,懒懒的柯南,5,-1
马上粉丝超过您嘞，气不气[星星眼],298170384,倔强的小板凳凳凳,5,-1
好家伙 粉丝数直接超过了。,29137917,-李墨晗,5,-1
零下15度，虽然我的手是冰冰的，但我的心是饼饼的,18909770,brogxh,5,-1
叔你不中啊，粉丝数被冰冰超越了，,333044770,99999丶小马猴子,5,-1
回复 @地表最强小公举吹 :艹，一语双关,474632623,永恒の比翼鳥,4,-1
冰冰粉丝超越您了,106407631,UniverseRuler,4,-1
1000粉丝合影,111901180,本本童鞋,3,-1
视频有百万后期内味了,39689989,逗你-,4,-1
回复 @地表最强小公举吹 :不至于 不至于[辣眼睛],393144931,丫的昵称都被抢光了,5,-1
回复 @海的味道我咋知道 :https://b23.tv/9MM2ND,278543246,wqnmlgbttt,2,-1
"冰冰的粉丝已经超过你了
阿饼，要不换频道来这发视频吧",7672757,qirui,5,-1
我才意识到 现在不就是百万摄影加百万后期加百万主持了。。,135082377,尼尔尼尼,5,-1
比饼哥粉丝多了，扎心！,11520916,大河从从高流,6,-1
[呆][呆][呆][呆],274715019,老瓜堡大呲花,5,-1
你看冰冰才来多久就这么多点击量 你还不努力点！[囧],49778148,EricCartmanStyle,5,-1
这vlog很有饼叔那味啊,27606011,面积大约一平米,5,-1
叔，是饼饼b站的入门导师呀,150356714,稀客呀awsl,5,-1
叔,11468885,Timelesssaber,6,-1
你好意思吗，冰冰姐刚一天粉丝就比你多了[吃瓜],548517556,学校世家,3,-1
[妙啊],22792037,啁啾大晒,5,-1
这个表情包是专为你定制的吗,108055537,张射会,5,-1
冰冰的粉丝已经超过饼叔了,44071477,没有比缪缪更,5,-1
叔，啥时候你们一起拍个,288715284,win237,4,-1
回复 @地表最强小公举吹 :老杰迷了,375542375,吃喵椒的花酱__,3,-1
这评论的点赞，比叔你的视频要多,323206449,清蒸华衫,5,-1
粉丝量超过你了[doge],95847814,NBA形象大使蔡徐坤本人,5,-1
一个视频就超了你了[微笑],32076335,蔺噗噗,5,-1
饼叔冰冰不到一天粉丝就超过你了[呆],283757330,啦key天儿,5,-1
喜欢冰冰的朋友可以帮点一下大会员抽卡嘛 十分感谢 https://tx7.co/gek0fk,37433288,大树大树大树大悦,4,-1
冰冰的粉丝已经比你多了叔,380270093,猫咪工坊,5,-1
回复 @想来想去名字还是短点好 :我也是[2021][笑哭],488898185,HK王東先生,4,-1
回复 @会飞的翔あ :我也是[2021][笑哭],488898185,HK王東先生,4,-1
那三个关注绝对没有你,177967185,想念你的53天,5,-1
嘿饼叔[妙啊][妙啊]你被冰冰反超咯,23143385,爆肝的土豆,5,-1
回复 @穷逼杨先生 :妹夫好、[2021][抱拳][呲牙],488898185,HK王東先生,4,-1
回复 @小弟系白人 :太神奇了,50464328,荆棘哲子,5,-1
[呆],367176796,泪水斑驳你的微笑,5,-1
饼叔，冰冰的粉丝数量已经。。。,2402252,南山一水,5,-1
饼饼，我现在爱的是冰冰了，撒有啦啦,22737400,w听风的雨,5,-1
粉丝已经比饼叔多了[doge],10365562,rossroma,5,-1
一天的关注就超过你了【doge-圣诞】大概这就是颜值的力量吧,305222475,就不能太文艺,5,-1
哈哈，人家冰冰一天就比你的粉丝多了,46500292,半瓶六神花露水,5,-1
你奋斗了好些年，人几天就完成了[doge][doge][doge],383430732,牧心纪,4,-1
回复 @爱吃花喵的猫酱 :查干湖，估计以后就是冰冰的粉丝茶话会,330261784,弑醉H古伤,3,-1
我和饼饼贴贴[doge],18430493,我執爛漫,5,-1
饼,471835463,头号玩家GKT,3,-1
饼叔，你要加油了,471835463,头号玩家GKT,3,-1
叔，冰冰要200w粉拉！你咋才170w?,29155956,我有一颗舍利子,5,-1
叔，她已经比你粉丝多了[doge],2405325,Enzophantom,6,-1
。，,44026898,逃跑小太郎丶,5,-1
回复 @弑醉H古伤 :[热词系列_知识增加]理解到位[热词系列_知识增加],623589482,-西兰不是花-,3,-1
[doge][doge][doge][热词系列_知识增加],398591906,隔壁老王咋,4,-1
我的心是饼饼的,381716879,小沙里宁,4,-1
冰冰三幻神之一啊,382893872,咖喱饭super,4,-1
叔，冰冰一天就把你超了。。。。,33321112,晓梦迷心Z,5,-1
大开大合[OK],39247401,老马在B站,5,-1
[呆]这是你的专属表情吧,327011601,彳亍ヾ路難,4,-1
冰冰。动态互点,282713670,Yoke丶丶丶丶,2,-1
来了来了 他来了,23663907,月之无辛,4,-1
我看过他们的父女档，很不错，镜头都在冰冰上，就挺nice[微笑],43572116,吃冰冰的阿柴,4,-1
好家伙 冰冰粉丝已经超过你了[doge],280140550,breeze-峰,4,-1
冰冰粉丝超过了饼饼[doge],3604167,阿孟呦-_,6,-1
哈哈哈哈哈哈哈哈哈，你们粉丝169，冰冰粉丝196,14305699,不愿透露姓名的初九,5,-1
粉丝已经超过饼饼了[呆],122530256,青杉的头是绿的,4,-1
人才来几天粉丝就比你多了[doge],171843330,老瞎呀,5,-1
好家伙，一天冰冰粉丝就超过饼饼叻[doge],69956889,养了只狸花猪,5,-1
回复 @HK王東先生 :为何是妹夫？她姐姐是哪个？[无语][无语],76552790,穷逼杨先生,5,-1
饼叔，冰冰已经超过你了呦[W-哈哈],31028610,孬穷金饭碗,4,-1
这个表情和你本人真像[歪嘴],2168484,里兴233,6,-1
这粉丝赶超了啊,51325966,朱小皓,5,-1
哈哈,400608570,12691795380_bili,4,-1
嘿，饼叔，粉丝反超了,275639335,翰书丨,5,-1
粉丝数反超[滑稽],30182959,一朝下地,5,-1
[热词系列_好家伙],398595936,沉风冷艳,4,-1
饼饼 冰冰~~~~~~~~~~~~~~~,220236007,周周心随舞动,5,-1
饼叔你粉丝已经被超了,296918801,年少随缘,5,-1
叔 你看啊 冰冰就一个视频粉丝量就盖过你了 请问你对此有什么看法？[doge],399187652,81290830186_bili,4,-1
我的心是冰冰的,687160585,帕尔罗克-加亚莱,3,-1
饼叔准备下岗了[doge],6567016,我叫黄小凯,5,-1
我就直说了，我的心是饼饼的！！！,2261715,岩木木之殇,6,-1
马上两百万了，饼叔你怎么看？[妙啊],198669277,咪路咪路LV,4,-1
饼叔,73367914,优乐美_大叔,4,-1
回复 @吃花椒的喵酱 :嗨 喵酱,73367914,优乐美_大叔,4,-1
饼叔的粉丝量被秒了,391282002,漳浦大爹,4,-1
回复 @吃花椒的喵酱 :Hi,357703764,realFBI,4,-1
一天之内粉丝数量超过你！[呆][呆][呆][呆],29353784,君王从此不洗头,5,-1
[呆],35392497,旋转升天手,5,-1
[呆][呆][呆][呆][呆][呆],389374734,幻壁之影,5,-1
嘻嘻嘻,38772554,蔡蔡蔡cai,5,-1
是不是一天粉丝都比你多了,38463271,旗鼓相当的麻瓜丶,5,-1
人家两天把你粉丝数超了[呆][呆],475468526,Sakruaaa,4,-1
额，心里默念也没我什么事了,475006187,大狗林啊,4,-1
好家伙，饼叔两天就被超越了[呆],471840796,肝他丫的,4,-1
回复 @咖喱饭super :你说的三幻神是不是有一名讲刑法的老师[doge],225054161,Alien_SX,5,-1
粉丝已经被冰冰超越了[笑哭],506857773,恰逢长安-,4,-1
你来了嘿[呆],21684791,电瓶马上就不见,5,-1
回复 @吃花椒的喵酱 :[胜利],73367914,优乐美_大叔,4,-1
不好意思啊，瞬间就200万粉丝了！！,52946644,撒豆成兵龙,4,-1
惨[呆]惨，冰冰用了两天超了叔几年的粉丝数,43417653,晓響瞳,5,-1
这涨粉速度太吓人上午看还不到2百w，冰冰太厉害了[说唱新世代_贞不戳][说唱新世代_贞不戳][说唱新世代_贞不戳][说唱新世代_贞不戳],361450697,芳心纵情犯,4,-1
捞捞叔[呆],66605860,七个暻一个乙,5,-1
新年快乐,346166102,我可凶了丫,5,-1
火钳刘明,475869020,bang和bang,4,-1
回复 @地表最强小公举吹 :bunengqia,286178500,陌然木目,5,-1
回复 @吃花椒的喵酱 :２级小号横行霸道[偷笑],524675619,可是梦郎只有两个字,4,-1
饼叔，两百万了[呆][呆],25719216,咕叽嘟,5,-1
冰冰粉丝量已经超过你了[歪嘴],646408623,大风吹我的骄傲放纵,3,-1
[大笑],198694911,无内鬼搞快交易,4,-1
n,21177628,Y咩mie咩,5,-1
粉丝比你多咯,47099129,刘先生的故事,5,-1
[热词系列_好家伙]人家粉丝都超过你了,415246111,-炭治郎的刀-,4,-1
粉丝已经没有冰冰多了[哦呼],8619191,凡石香,5,-1
。。。,310036890,第五纪阿,5,-1
冰冰棉袄穿两年了,64897093,大鱼鲨Dayusha,5,-1
豹王冰冰,64897093,大鱼鲨Dayusha,5,-1
一天被超越粉丝数有何感想,8315927,唯不离,5,-1
两天就把你超了[吃瓜],350751040,-江畔何人初见月,5,-1
饼叔！,425306793,BubbleV_,4,-1
回复 @吃花椒的喵酱 :冰冰！,1564380136,冰冰时代6677,2,-1
回复 @吃花椒的喵酱 :这就是颜值与实力的合体播放量吗[热词系列_芜湖起飞],484855474,子车安顺,5,-1
叔，看看人家的粉丝数[呆],368165946,达达励志做欧皇,5,-1
2天粉丝就超过饼叔啦,34972270,Sylar_CN,4,-1
关于我的粉丝两天粉丝数超过我这件事,107495674,阿伟的坟头草,5,-1
强强联手，厉害了,176043311,555图图,3,-1
回复 @吃花椒的喵酱 :冰冰姐注意保暖(｡･ω･｡)嘿嘿,310233162,TY北冥,3,-1
冰冰24小时的粉丝数量就超过了饼饼[滑稽],27148301,iPaperClip,5,-1
大开大合,1432945,凌变,6,-1
叔，冰冰粉丝超过你了[笑哭],22131662,左手729_右手梅溪湖,5,-1
老婆,387811380,想进大厂的小牟,5,-1
"是不是，感觉这涨粉速度不科学！！！
没错！就是这么不科学",2213946,奇葩のZero,6,-1
回复 @吃花椒的喵酱 :来欺负只有两级的up了[doge],266660361,糖醋大橘子,5,-1
哈哈哈哈哈哈哈人家刚来就200w了饼叔[doge][doge],176521008,宇宙第一营销号,5,-1
嘿，饼叔，我的冰冰的关注超过你了,520253398,甫甫子-,4,-1
[呆][呆][呆][呆][呆][呆],421793902,5路过而已,3,-1
叔，冰冰粉丝比你多了,22697443,利德拉姆redrum,5,-1
饼哥，冰冰两天粉丝就超你了哈哈,576948435,您的账号已注销,3,-1
你的粉丝在短短几天已经被冰冰带走了[doge][doge][doge],1614290397,䛾芷,3,-1
回复 @狗狗pa了faker :哈哈哈哈哈哈好形象[笑哭],208907347,睡不醒der鱼鱼,4,-1
好家伙，粉丝数直接超饼叔了[doge],17665998,熙阳暖照,5,-1
[呆],438306092,毛睿格子衫,4,-1
叔，一个视频粉丝就把你超了,43884749,Colorless41,5,-1
你经验多久了几个关注，冰冰3天超过你了[笑哭][笑哭],86090219,纳尼纳尼no1,5,-1
王饼冰,32810239,江山故人_帝王业,4,-1
回复 @吃花椒的喵酱 :冰冰,320757038,奴家称霸,4,-1
回复 @地表最强小公举吹 :烂钱我们不恰哈[doge],57164402,开始健康生活每一天,5,-1
我的心身都是冰冰的,480859890,冰冰与我,2,-1
回复 @辰易Daniel :[呆][呆],38310972,沐枂人,6,-1
回复 @吃花椒的喵酱 :[呆][呆],38310972,沐枂人,6,-1
[热词系列_大师球],480420617,嘎了个嘎__,4,-1
[呆][呆][呆],19473579,月鳶鸿,5,-1
回复 @吃花椒的喵酱 :[大笑][大笑][大笑][大笑][大笑],361767687,改名什么好呢,5,-1
回复 @地表最强小公举吹 :兄弟，不至于，不至于,15473446,帅气的长草颜团子,5,-1
是来泡饼的吗？[呲牙][大哭],436333694,瓶中_鲸鱼咸的鲜,3,-1
冰冰粉丝已经超过饼叔了[呆][呆],485570303,关老头子的修仙生活,4,-1
[呆][呆][呆][呆][呆],12021885,盐酸文拉法辛つ,6,-1
up主觉得很赞[doge],93644478,九焰苍云,4,-1
饼叔牛逼,74435584,邪恶路飞,5,-1
1002,46247412,下一个问题-,5,-1
回复 @狗狗pa了faker :咋能这么说呢？饼叔以前也是风度翩翩的美少男,26406050,SCP-310永恒之火,5,-1
[歪嘴]嘿，饼饼粉丝咋没有冰冰多,289010821,ののない,5,-1
回复 @吃花椒的喵酱 :快来福建安溪啊铁观音也挺有名的哦[2021],487223237,有修养的演员-Jason,3,-1
我特别特别喜欢你的业务能力哦,56857329,二班小二,4,-1
我的心是饼饼的[呆],77942515,进击の兔子--,5,-1
饼叔的粉丝已经比不过冰冰了……,441193338,梦魇沉睡,3,-1
这粉丝涨的就离谱…,30866702,我爱种菜,5,-1
哇，一天又增加了500万播放量,436985338,倾听_源来,4,-1
跟着一楼混,310763431,花椒的吃喵酱,4,-1
[呆][呆][呆][呆],26407805,长安城墙一盏灯,5,-1
[热词系列_知识增加][热词系列_爷青回][热词系列_好家伙][热词系列_芜湖起飞][热词系列_梦幻联动],26407805,长安城墙一盏灯,5,-1
老婆🥰,9159891,wmild,5,-1
一千万播放了,186487871,好美的甜哇哇,4,-1
我天，冰冰一个投稿两天粉丝数超饼饼[妙啊][呆],29041473,鈳柯珂炣坷轲胢袔砢,5,-1
哈哈哈现在冰冰粉丝比你多了,291316273,youaremysafe,5,-1
再过三天必破三百万,385924331,坏人FDPan,4,-1
[呆][呆][呆],7026510,驱散光明,5,-1
回复 @吃花椒的喵酱 :哇哇哇,506359894,大帆船007,4,-1
回复 @無口的白 :啊这,346642206,那追寻的地方,4,-1
这才一天，她的粉丝量就超过你了[吃瓜][doge],498080824,霜庭夜雨,3,-1
[微笑][微笑][微笑],40832514,JIN1121,5,-1
这个表情就好像把叔的照片贴上一样[笑哭],72285492,ll邀月ll,5,-1
回复 @地表最强小公举吹 :有钱一起赚‘,501218607,睡13个小时,4,-1
如何看冰冰用一个视频就比你粉丝多了[doge],7764371,共鸣吧米那桑,6,-1
她粉丝比你多了[吃瓜][吃瓜],286110738,浑浑噩噩的噩,4,-1
好家伙投币比点赞多,239892888,横空出世2021,4,-1
[星星眼],121714193,宇智波汤姆w,4,-1
[呆][呆][呆],362813444,汪圣凯1,4,-1
回复 @吃花椒的喵酱 :冰冰德才兼备[打call][打call][打call],7327314,无常才是真灿烂,5,-1
饼叔辛苦经营多年，还没冰冰一个视频的粉丝多[doge],167466126,墨云掠影,4,-1
我的心是饼饼的[doge],22506751,顾辞玠,5,-1
[OK],28102788,吃饼叔的喵酱,5,-1
[偷笑][偷笑][偷笑],201559451,吃番椒的喵酱,4,-1
[无语],11755136,阿建很帅,5,-1
回复 @吃花椒的喵酱 :哈喽，冰冰姐[羞羞],300655246,吉祥混沌2,4,-1
粉丝比你多[调皮],278336162,慢走了您嘞,5,-1
你来了饼饼,242175068,李来来包袱斜非,5,-1
冰冰我来辣,604789029,听力澈式,3,-1
这个女人粉丝超过你了[doge][doge][doge],396960938,千年之后的你会在哪理,4,-1
冰冰粉丝已经比饼叔多了哦[妙啊],349496760,美团官方,5,-1
哈哈哈！饼叔果然来了,393524626,就是学霸啊,4,-1
FGNB,239892888,横空出世2021,4,-1
d,438502202,shuyin_,3,-1
我的心是饼冰的,107506506,超凶大莉莉,4,-1
哈哈,422490691,罗辑2333123889,4,-1
冰冰用了不到三天达成200万成就，饼叔要努力鸭。[打call][打call],32867093,谁说我腹黑,5,-1
好嘢,14615089,Lawrence罗一个IT经理,5,-1
(ಡ艸ಡ)噗这粉丝数量说明什么？颜值才是正义。,205035313,或许还有光,4,-1
[呆][呆],482055622,超级无敌小恐龙啊,4,-1
220万了[呆][呆],34964112,传说中的鸽子精,5,-1
好家伙，两天粉丝数就超过你了。,104189090,CBTC灭灯,5,-1
回复 @钟秀童子 :已经超过好几十万了[偷笑][笑哭][2021],259656948,你仔细看小电视是圆的,5,-1
回复 @吃花椒的喵酱 :爱你，冰冰,473123000,单小生ovo,4,-1
回复 @吃花椒的喵酱 :闻闻,27994506,一只大白猫儿,5,-1
粉丝超过你了,392317019,醉酒的状元郎,5,-1
回复 @吃花椒的喵酱 :这算友好的问候？[doge],43267230,星空物语系,5,-1
叔，冰冰刚来粉丝就超你了[doge][doge],348812432,马克57号机甲,4,-1
回复 @钟秀童子 :已经超过了,515204039,尼尔生涯,4,-1
我的心是饼饼的[呆][呆][呆],10156654,吃腊椒的喵酱,5,-1
期待饼冰新合作！,291307223,惠笑的巴努克,4,-1
"粉丝已经超过叔了
[微笑]",33897856,Ohahahayou,5,-1
叔啊，这表情也忒想你了吧[呆],141554433,LH小布,4,-1
[呆]这表情可以,354053620,爱跳跃的冈部,5,-1
叔，冰冰的粉丝数超过你了[OK],263238983,LleeJing,5,-1
回复 @口花椒的喵酱 :不至于[辣眼睛],358846766,try_eri,4,-1
[呆][呆][呆][呆][呆],10414179,刹那公子007,5,-1
真要冲害得是饼饼[傲娇],19521970,安丶非他命,5,-1
嘤嘤嘤,482012822,嘻嘻小姿,3,-1
嘻嘻嘻,482012822,嘻嘻小姿,3,-1
回复 @吃花椒的喵酱 :美女,364862210,夏绿萤,5,-1
粉丝比你多，哈哈哈哈哈[热词系列_妙啊],23347345,意大利饭,5,-1
纯冰的[喜欢][喜欢][喜欢],483718557,小郎在鲜花舍,3,-1
嘿！这粉，真就一天顶一年，我胡了,44223794,匆匆走过的二次元,4,-1
说句实话，食贫道如果冰冰做主持人，稳涨200W粉，百大拿到手软。让冰冰来才不辜负百万摄影和百万后期！！！当然我也永远支持饼叔的食贫道！,298192020,静世隐墨,5,-1
回复 @地表最强小公举吹 :画 饼 充 饥 [doge][doge][抠鼻][抠鼻],34229859,威科托Vicktor,5,-1
粉丝立马比你多了。[妙啊],157161874,清壹柒,5,-1
饼叔，又来蹭饼饼热度了[妙啊],412986103,哈尼哦吧呀哈,4,-1
关注超过你了[doge],438185984,诸大佬万岁,5,-1
。。,44026898,逃跑小太郎丶,5,-1
饼叔冰冰比你粉丝多,475786293,張辰澤的晚安計劃,4,-1
一个视频涨了叔三年的粉[偷笑][偷笑][偷笑],33079711,墨白天地黑,4,-1
粉丝已经超过你了哈[doge],269537476,哈哈哈的Charlie,5,-1
这个赞比你大部分投稿视频都多,71953733,小柒photo,5,-1
粉丝数超过你了[歪嘴],18176426,未央不歌,5,-1
悄悄看看[吃瓜][吃瓜],600437783,吃花椒的喵酱干饭,2,-1
。。,511366203,温阳小可爱,3,-1
悄悄溜过[嘘声],600437783,吃花椒的喵酱干饭,2,-1
叔 你被超了[呆][呆],355041134,来一打乌鸦,4,-1
咋这么久了还没冰冰粉丝多,238663556,Aganzo丶,5,-1
[星星眼][星星眼][星星眼],199694689,Fz凇,4,-1
扎心不，人家一天顶你一年,354794743,-酸菜五花肉-,4,-1
这谁啊 粉丝都没冰冰多,336117934,开心的小阿秃,5,-1
[呆][呆][呆],38024315,DDS99,4,-1
酱酱酱酱酱,399877606,孤鹰日夜,3,-1
丑叔也来给我老婆评论了阿[呆][呆][呆][呆],346142575,鹅呃额饿恶娥,3,-1
互扫动态,164550653,短尾猫不吃鱼,4,-1
[呆][呆]饼饼你来找冰冰啦,48904180,吃茯椒的喵醬,5,-1
[呆],11193831,黑糖☆,6,-1
[呆],10710011,Ruisseau_,6,-1
BV16o4y1Z7NB,687045146,南大逍遥叹,3,-1
20万条评论就你给UP主点赞了，你们是什么关系,32869989,以哭止泪,5,-1
哈哈，果然几天后就超过了你的粉丝辆[偷笑],13950104,naphet,5,-1
回复 @吃花椒的喵酱 :要和冰冰贴贴！,16709353,DearVienna,4,-1
啊,330146905,叫我衮去学习,3,-1
回复 @地表最强小公举吹 :你的是饼饼的我的是冰冰的[doge],498547830,吾之腐王基眼,4,-1
催更冰冰,438391553,逍遥子zym,3,-1
饼饼的心是冰冰的[哈欠],29109327,shy迅哥,6,-1
了不得了，粉丝比叔都多了,15765141,艺能神座下长颈鹿,5,-1
牛逼,413353929,西海岸黑猴子,4,-1
[呆],269999349,辰宇飞鱼,5,-1
回复 @狗狗pa了faker :哈哈哈哈哈哈哈哈哈哈哈哈,180595921,DianaJuanGomez,4,-1
[呆],32164808,realDonladTrump,5,-1
[doge][doge][doge][doge][doge],2072705868,弱小且无助QAQ,2,-1
饼叔辛辛苦苦好几年，不如冰冰一条视频[tv_笑哭],514295815,bili_52624624833,3,-1
饼啊～玩了几年的小破站，没人一夜粉丝多，啥感觉[doge],362740886,12300110747_bili,4,-1
马上就要超你100w了,270075708,只爱学习的小菜鸡,4,-1
排面,95413373,Gakkiが好き,5,-1
回复 @吃花椒的喵酱 :[滑稽],209448114,小肉僧,4,-1
[星星眼][星星眼][星星眼]冰饼和饼冰！！,252033255,老咸鱼的冲击波,5,-1
粉丝比你多,393276565,柴米油盐酱醋丶你,3,-1
为啥感觉这个摄像后期是饼叔团队的,396262019,你看我这名起的长不,5,-1
都是靠颜值的，粉丝居然比饼叔多[呆],108925011,Christden,5,-1
个人感觉王冰冰的业务能力也不是突出的强啊？怎么涨粉这么快？现在女孩不仅小鲜肉也开始追央视记者了？,32849195,奥特爱乃かぞく,6,-1
老婆真厉害，4天就200w了。,502945651,王冰冰睡觉着凉了,4,-1
回复 @吃花椒的喵酱 :[热词系列_大师球][热词系列_大师球],381642026,抱走罗小黑,4,-1
好看啊,398604892,夢の販売官,3,-1
[微笑][微笑][微笑],39772177,nemo_n_n,5,-1
好家伙，评论的赞比做视频的赞还多,12885689,上衫路明非,5,-1
饼饼，你的粉丝数咋回事啊，咋还没新号多[呆],13629423,Mekh,6,-1
饼叔你想干嘛,25590206,Vincet_虫,5,-1
[呆],414643635,爱吃糖的小悠,5,-1
粉丝超过你了[doge],474286538,陷落卡冈图亚,4,-1
饼叔您来啦[呆],16023541,墨染晨风,5,-1
我来试试看我这条能不能评论哈,20017182,悸夏初十,4,-1
叔几年的号粉丝没冰冰一天多[捂眼],25461193,一只沙雕莫,5,-1
瞬间超过饼叔,388806377,恐龙服的阿狸,4,-1
哈哈,121318008,吃花椒的狗屁,4,-1
回复 @言葉にできず :我不知为何在幸灾乐祸当众吃瓜[吃瓜],39227903,张搬砖,5,-1
回复 @吃花椒的喵酱 :你不会用筷子，被我发现了。[doge][doge][doge]（我就是当代列文虎克）,416980783,青天29,5,-1
叔也涨粉了,379034980,没得事儿,4,-1
[呆][呆]你来了,393629629,你是我眼中的世界,4,-1
捞饼叔！,353523083,冰冰好我叫何同学,4,-1
https://www.bilibili.com/video/BV1dV411b79T[辣眼睛],9145978,若爱上一个人,5,-1
好沉，还是顶你一把,424404877,我爱青团团,4,-1
BV1dV411b79T{冰冰&amp;饼饼}梦幻联动来了[doge][doge],280156056,西门吹神,6,-1
饼数哭了[打call],101672271,会飞的小猪gg,4,-1
粉丝比你还多,14488459,心机教主,5,-1
好家伙刚来粉丝数就超过了饼叔[大笑],67812459,GakiYu36,4,-1
这个表情[呆]好像你啊[妙啊],932829,不是粥粥啊,5,-1
180万硬币   乖乖    一个月后瞬间六级,384556803,薄荷糖--_--,4,-1
回复 @钟秀童子 :已经超了五十多万了,390430989,乔小山,4,-1
视频更新好慢啊，200w粉丝福利建议唱首歌，让我天天听[星星眼],21844378,爱吃花生的汪星人,5,-1
美女与野兽,506490396,牜气冲天,4,-1
绝了哈哈哈哈哈[呆],34881923,乱码的笭音,5,-1
哈哈哈哈哈,170759919,MEMS黄子韬,5,-1
人家230万粉丝了，你自己想想[doge],387391367,请务必叫我去复习,5,-1
[doge][doge],600437783,吃花椒的喵酱干饭,2,-1
回复 @吃花椒的喵酱 :[doge][doge],600437783,吃花椒的喵酱干饭,2,-1
叔 被超了呀,472261006,南瓜2001号,4,-1
饼叔，你粉丝比人家少[doge],19782324,通行者来了,6,-1
回复 @爱吃花喵的猫酱 :爱吃他喵的花酱,85449915,吃喵酱的胖头鱼o,5,-1
新年快乐，饼叔[2021],85449915,吃喵酱的胖头鱼o,5,-1
粉丝比你多了[doge],350051886,k略ll,5,-1
[呆]你为什么说句话还要配上自拍？,174975451,在课上栖夜,5,-1
这个表情饼哥专用的吗？也太形象了吧😄,43412466,妈妈给我零花钱,5,-1
饼叔这么沉…都快捞不上来了[呆],24850898,阿司匹林大魔王,5,-1
我是饼饼的[doge],434953792,额-额-额-额-额,4,-1
[呆],457135338,飘逸游人,4,-1
回复 @JASPER-12138 :https://b23.tv/BV1jf4y1i7da,9044316,Joe啾啾啾,5,-1
回复 @jokerblood :不用装，本来就是同事[微笑],9044316,Joe啾啾啾,5,-1
她的粉丝已经超过你了（小声逼逼）,9212613,纵饮胸,6,-1
[微笑],73367914,优乐美_大叔,4,-1
[呆][呆][呆][呆][呆][呆],276203843,锄头先生,5,-1
刚来就比饼叔粉丝多了[呆][呆][呆],328411449,阿卡丽羌戈,4,-1
[呆][呆][呆],7748806,涩笔,5,-1
[呆],175514532,spiritce,5,-1
啊这，粉丝都比饼叔多了,12344170,梦得秋,5,-1
回复 @地表最强小公举吹 :？？？,85745810,m_m104,5,-1
回复 @我叫中二病1 :哈哈哈哈,623589482,-西兰不是花-,3,-1
回复 @爱吃花喵的猫酱 :[2021][2021],85449915,吃喵酱的胖头鱼o,5,-1
冰冰的粉丝一下子就超过了饼饼了啊，关于这事你咋想的呢[罗小黑_歪在吗],412072,荡漾喵,6,-1
当时你发视频的时候就应该改名字的这样我就是吃花椒的喵酱,34869463,鼬神宇智波,5,-1
老实说这个视频是不是饼叔帮拍的[吃瓜][doge][doge][doge],249623906,SUNのKUN,5,-1
我的心是饼饼的,30673032,香风留,6,-1
这表情针对丑叔,149986402,玩弄少年,5,-1
看看人家一个视频两百多万粉，你再看看你发了多少个视频了[doge][妙啊][呆],293363319,松果果锅,4,-1
回复 @地表最强小公举吹 :打错字了吧[doge][doge][doge],842341,俺老孙被你们骗啦,6,-1
她刚来粉丝就比你多[妙啊][妙啊][妙啊],291288024,一只迷路的瑞兹,5,-1
wow，这个表情怎么一模一样[doge],21583183,祈祷一次过,5,-1
叔你粉丝被超了[doge],40099548,Becaus-er,6,-1
啦啦啦,74098407,CYBcar,3,-1
叔 羡慕不？[喜极而泣][喜极而泣][喜极而泣],375238019,JohnHomme,5,-1
饼饼 冰冰粉丝比你多了 你有什么要说的吗,7452504,一只肥企鹅,5,-1
[大哭],388826565,遗憾SAMA,5,-1
好家伙[滑稽],9224422,情歌qwq,5,-1
仅仅两天就超过你的粉丝数了[doge],146705958,树上的憨憨,5,-1
捞饼叔,10838376,那时雨er,5,-1
叔实惨[呆],503633094,-Rh-Cs-Be-,4,-1
通过饼叔找来的[OK],383640001,BIRDPEARL,4,-1
[呆],14777008,公主丶公生,5,-1
[呆][呆][呆],332663552,按时吃饭难不难怼哥,5,-1
v,40972705,hhhhhuar,3,-1
叔你是不是把百万摄像借给冰冰了,18754545,GangangGuo,5,-1
转眼饼叔粉丝就被超越了，我饼叔什么时候才能站起来!气抖冷！你们知道吗，我现在的心是冰冰的[妙啊],3096394,发病风能,6,-1
[羞羞],15922651,upjay,5,-1
饼叔,2067636,颜99,6,-1
[呆],375052416,歌手曾十八鸣,4,-1
回复 @吃花椒的喵酱 :哈哈哈,523252986,星笋和糖,4,-1
@食贫道,569230145,Judy家家练琴了么,3,-1
[呆][呆][呆][呆],349865787,Sof1zz,4,-1
看看人家的涨粉速度！叔您有啥想法,13652383,北方的盐,5,-1
[呆][呆][呆],390380548,嘴角涌起笑意,4,-1
嘿，饼叔[呆],14295984,41码红色足力健,5,-1
[呆],227599138,hhwayh,5,-1
回复 @地表最强小公举吹 :不至于，至少人不应该[辣眼睛],24361889,筱筱潇_,5,-1
2天就超过你粉丝哈哈,197565914,风中的轻吟,5,-1
回复 @狗狗pa了faker :过分了过分了[笑哭],45000742,Realjayden,4,-1
[囧],374450,楽園猫,6,-1
得了吧，饼叔肚子都快流出来了[呆][妙啊],336732570,Wick是个神,4,-1
回复 @以哭止泪 :同事,9044316,Joe啾啾啾,5,-1
。。。,505626297,云厌世脸,2,-1
回复 @directxxxxx :。。。,505626297,云厌世脸,2,-1
[滑稽][滑稽],91790336,微风西语,4,-1
我的心是饼饼的,100614221,又见尹,5,-1
[呆],101697731,andong2277,4,-1
为什么你有自己的表情,19840753,情绪零碎男子,6,-1
冰冰关注了3个人，volg里提到了俩[妙啊],474004895,延笑晏晏123,2,-1
你粉丝一个还没冰冰多的小up[doge],4535176,勤劳的小菜狗,6,-1
好好反思一下冰冰粉丝为什么比你多[doge],9303397,123奈何,5,-1
叔你看她粉丝，太可乐了,41270397,沐叶晓秋,5,-1
好好好,395200528,右仆射郧国公韦孝宽,5,-1
[doge],197422596,霸道的小草,5,-1
你咋发照片?,252447128,夏-到秋天提醒我改名,5,-1
这打招呼的方式哈哈哈哈哈哈这个表情都变可爱了[呆],347822216,南山是蓝,5,-1
h,295511618,喜欢有你的黄昏,4,-1
一看视频就知道是叔内味儿,391329088,Huntin馬日春,5,-1
饼叔，一个评论比一个投稿视频点赞还多，气不气[偷笑][偷笑][偷笑],20136919,acivs,5,-1
[呆][呆][呆][呆][呆][呆][doge],565532451,红船菌,4,-1
我的心是饼饼的[呆],22769159,阿良Velpro,5,-1
看人家涨粉速度，轰轰的[doge],299327060,你搞事情啊啊啊啊,5,-1
回复 @地表最强小公举吹 :不值得不值得，那几个烂钱不值得,5315995,业余胶不胶佬不佬,6,-1
粉丝已经超过你了,245059507,呆小楠233,5,-1
[呆],285923948,防弹少年团山东分团,4,-1
饼叔您好，请问您对冰冰一周涨粉超您一倍有什么看法呢？（专业）,19087965,MGmango,5,-1
看不到底,57431503,梦幻幻神,6,-1
[呆][呆][呆],302657464,火屁股,5,-1
才来几天粉丝就超过饼叔,280814953,行窃预昭,5,-1
粉丝瞬间秒掉饼叔（直戳要害）[doge][doge][doge],248630274,咸鱼垃圾王,5,-1
她粉丝数超过你了[doge],50471204,布偶真可爱,5,-1
[呆][呆],499617003,咩花椒的喵酱,4,-1
[doge],38089397,小璇儿化音,3,-1
饼叔也来了呀,602988074,一个人在静静的角落,3,-1
饼叔来蹭冰冰！！！哼💢一天几百万粉神了，都是这次一定,26054726,李尚贤,5,-1
粉丝比饼叔都多了[妙啊],284026307,呈君丶SAMA,5,-1
回复 @地表最强小公举吹 :烂钱恰不得啊,75519905,营销号会营销,5,-1
抓到饼叔了[呆][呆][呆],369996113,听说名字长能抱小姐姐,4,-1
ok,375652130,品如研究员,3,-1
啥时候发第二期[吃瓜][吃瓜],273721611,RIACO45,5,-1
[呆],71884072,月半小晔曲,5,-1
大家好，我是王冰冰，真以为我不上B站么,427986279,36010042671_bili,2,-1
您也来了嘿！[呆][呆][呆],306107,青木由希,6,-1
[呆],32603794,乌索普大神god,5,-1
回头～[doge],241152846,i薤叶芸香,5,-1
嘿[呆],354053620,爱跳跃的冈部,5,-1
叔，催更了[doge][doge][doge],415615045,ATAO丶涛涛,4,-1
你看看你的粉丝数和冰冰的粉丝数，差点笑死，哈哈哈,287975018,bbXYoung,4,-1
让你抢到了，该死[妙啊],163003503,布鲁斯的是咯不,5,-1
嘿，叔你的摄像是不是跑路了[doge],281052172,ghhdbbdjiwijsnb,4,-1
[呆][呆][呆][呆][呆][呆][呆],11340668,竹子都,5,-1
[呆][呆],91444045,兜兜飞d,5,-1
[呆][呆][呆][呆],24822931,小龙虾高汤,5,-1
一夜超过饼叔，输在了颜值,26031382,要给力呀,4,-1
捞[tv_doge],37545053,御坂10733号,5,-1
粉丝比你多了[吃瓜],24300710,OnEchoo,6,-1
@吃花椒的喵酱 我的心是冰冰的,634316042,小蕾helphelp,3,-1
[doge]人家粉丝数比你都高了,32656546,朝田日葵,5,-1
嘻嘻嘻,14109640,面具X先生,5,-1
在比站混了这么久，被一个才来几天的的人把粉丝量给超了，你要好好反省[微笑],6324334,丷旅行的兔子,6,-1
饼叔羡慕你[呆][呆][呆],43418810,就是这个火火,5,-1
"开头两块冰，就是冰冰。
嘿嘿😁
以前我原还是打算投屏看的，现在根本就用不着啊！
连她长粉丝的这个速度都能被好多up主编成段子，真的是人红是非多啊！[笑哭][喜极而泣][doge]",493886288,道玉子渊,4,-1
回复 @吃花椒的喵酱 :鱼太大，一锅炖不下！天太冷，雪糕不会融化！,96886495,想吃鱼的大猫,4,-1
嘿，饼叔，167万的小up，还来B站好几年，你看冰冰，嗯？这才几天，都二百好几万了,11658415,小草上飞飞,5,-1
来了第一天就把饼叔打败了,393254655,大丁要奋斗,4,-1
[明日方舟_喧嚣的风],168276993,草木葳蕤゜,6,-1
回复 @吃花椒的喵酱 :等级还没我高[捂眼][doge],358616726,ご-こ-う-る-り,5,-1
冰冰和饼饼这差别，这几天的粉丝 @食贫道 饼叔慕了吧[doge],523784441,Mick0o0,3,-1
我的心是bingbing的[拥抱],150602105,承書,5,-1
我前几天看过这个视频。以为又是转载的，没想到是本人,94254255,面-码,5,-1
冰冰现在的粉丝数已经快是饼叔的两倍了，哈哈哈哈,112208292,歪脖子暴龙兽,5,-1
我只喜欢饼饼,363078136,爱饼饼的丙丙,3,-1
双厨狂喜[doge][歪嘴],31767440,哆啦M梦meng,6,-1
饼饼来了[呆][呆][呆],149392336,森廿八一,5,-1
[呆][呆][呆]你来了嘿！,351346842,Vi0lentlyD1pper,4,-1
饼叔牌面啊，一众大佬中唯一一个被冰冰点赞的,61597899,MineLFD,5,-1
好家伙，一个视频把饼叔一年的硬币都多,2431229,医学の奇迹,6,-1
[呆],190687021,小侠呆呆,5,-1
回复 @地表最强小公举吹 :大可不必[doge][doge],688248316,陈默不是文艺青年,2,-1
hhhh,357535392,先知哈瑞斯,5,-1
[2021],34118795,神之樱花,5,-1
[W-哈哈][W-哈哈]一想到冰冰最终会便宜了哪个中年大叔就哭唧唧、嘤嘤嘤~QAQ,405928610,alifefeel,5,-1
[呆][呆][呆][呆][呆][呆],16053771,昌乐繁华,5,-1
[呆][呆][呆],179718676,lpm时代,4,-1
回复 @吃花椒的喵酱 :[doge][doge][doge]什么时候躲在里面的[拥抱],434283249,吃花椒的喵酱的老公一,3,-1
美美美,65200200,不唱情歌的默默,4,-1
叔，冰冰粉丝量已经超过你了,151697554,王凿7076,5,-1
开始无期限鸽的模式[doge],43669613,泛沓斯提克,5,-1
这视频播放量和评论弹幕数也是惊人[doge],178132096,w来生要做一棵树,4,-1
叔，冰冰一个视频超过叔三年的粉丝,8513670,YY超咸鱼,5,-1
[呆]叔几年攒的粉还不如冰冰一礼拜多,49720291,完全没有头绪该叫什么名,5,-1
水一个,101107814,有了电脑玩原神,4,-1
快更新吧[捂脸][捂脸][捂脸],486805333,JOJO嘻嘻嘻嘻嘻嘻,4,-1
咋办嘛，快300w了,353571642,树上结满Leonardo,5,-1
回复 @吃花椒的喵酱 :嘿，老婆[害羞],64586267,冷一轩,4,-1
叔，冰冰一个视频就超越你了[doge][滑稽]。,510055530,秋山朗照,3,-1
回复 @吃花椒的喵酱 :发现二级萌新，赶紧欺负一下[tv_可爱],197697403,虾仁還要猪心,5,-1
[呆],607220695,账号已注销,0,-1
催更,381517229,这个是免硬币的昵称,4,-1
说出来大家可能不信，我的冰冰一天超过了食贫道今年的粉丝[微笑][微笑],155005577,这个阿彬就是逊啦,5,-1
哦吼(´-ω-`),442044225,壹沓茌桑,4,-1
[呆][呆][呆][呆][呆][呆][呆][呆][呆][呆][呆],165646748,充气过度的南极二号,5,-1
哈哈哈，饼叔播放最高和点赞最多的视频都是和冰冰联动的，而且平均点赞竟然都没有在冰冰下面评论的多……（平均指99％）（我是专门来扎饼叔小玻璃心的，眼熟我，饼叔眼熟我）（doge）,96228268,憨批的快乐人生,5,-1
回复 @狗狗pa了faker :高情商！[妙啊],12238487,梯度不下降,5,-1
[呆][呆][呆],29150981,DJ懒羊羊羊,5,-1
第2000条评论[doge][doge],395992727,kei-k先生,4,-1
[呆],50022174,七下木,5,-1
[呆][呆]这是饼叔定制的表情吗？,86354239,吃花椒的藕泥酱,4,-1
大叔你走开！,39798511,icgomark,4,-1
[呆][呆][呆][呆],19378682,迷雾橙,5,-1
冰冰和饼饼  冰饼饼  饼饼冰  冰饼冰饼 饼冰饼冰,18605585,废壳,5,-1
L,402757557,半个刺猬i,4,-1
回复 @地表最强小公举吹 :群号多少，我也要恰饭,2733680,蛋大如斗黄日天,6,-1
就发了一个视频粉丝就比你多了啊[doge],40834641,油腻老白,5,-1
催更,476948150,3Luck7Effort,4,-1
回复 @吃花椒的喵酱 :冰冰[星星眼],508782300,爱南南的小饼干,3,-1
我是第2021条[doge],329481918,腿腿腿毛怪,4,-1
每日打卡,392061019,芯允,4,-1
[呆][呆],409721388,载具killer,4,-1
回复 @吃花椒的喵酱 :我居然比冰冰等级高！[狗子],258816210,不想颓废的浦原桑,4,-1
[呆][呆][呆],150341119,苍琼落雨,5,-1
凑个2021呗,201575471,第十三根火柴人,4,-1
嘿嘿,163656088,荆棘鸟体育,4,1
现在四个了,106271260,0无花果0,4,-1
我是D2019个评论。,86426126,吃椒麻鸡的喵酱,5,-1
回复 @吃花椒的喵酱 :嘿，冰冰,411383249,徐香复丫丫,4,-1
第2021条回复[滑稽][滑稽],438265667,仓木麻衣的骨灰粉,5,-1
快300w粉了...心疼饼叔[笑哭],328071221,花香之地無和平,5,-1
为什么冰冰没有今年的百大[大哭],524675619,可是梦郎只有两个字,4,-1
[呆],271846639,Longintermission,5,-1
粉丝已经超过您嘞[滑稽],9037791,默生的人,6,-1
帮忙催更啊,18352108,shigure时雨啊,5,-1
[呆][呆],1254957546,邯郸市精神病院王医生,3,-1
[热词系列_知识增加],1181004807,吾心随风而永逝,3,-1
回复 @狗狗pa了faker :hhhhhh绝了,396082922,孤森宇,5,-1
我试试,135422891,胸比头大丨,5,-1
[辣眼睛][辣眼睛][辣眼睛][辣眼睛][辣眼睛],445333023,QQ雪人,3,-1
我的心也是饼饼的，,281974449,Medicinegod,5,-1
[呆],207619650,四尺微命一介书生,5,-1
好家伙，太丑！,52358498,小选就是冰阔落,5,-1
粉丝已经比叔多了[doge],11599277,你xiao起来真难看,5,-1
废物  看看冰冰   叔你百万粉丝可真难  哈哈哈[吃瓜],332429889,无聊的海德,4,-1
哈哈哈,454007135,卖打卤馕的小火柴,4,-1
再来一遍[热词系列_妙啊],36751780,牛奶最好,5,-1
回复 @吃花椒的喵酱 :哇哦金币比赞都多奥[鼓掌][W-哈哈],414390197,小王子苏苏御,4,-1
你哪位,208935345,jokerblood,5,-1
捞,267380031,筱兰雨,4,-1
[呆][呆],635959872,丿报丧女妖丨,3,-1
我的心是饼饼的[呆][呆][呆],6716050,__残夢__,5,-1
[呆],342198905,克尔夫特,4,-1
捞捞贫叔,40209940,扶能肝,5,-1
[呆]嘿，饼说,246629097,Privity丶,5,-1
回复 @地表最强小公举吹 :不至于不至于[doge],26876670,阿卡姆精神卫生中心,6,-1
[呆][呆][呆],1714867,-ChuQi-,5,-1
上了！,63628555,Grrrrrrrrrrrr,5,-1
哈哈哈,42226622,墨陌撒,5,-1
。。。,168708811,风月予你我独享,3,-1
就离谱[滑稽],2016021904,风月皆失,2,-1
嘿,440380281,沈唧唧唧唧,4,-1
iiii,181903433,haipigui,5,-1
[呆],66737900,長島_冰茶,5,-1
我来补个作业https://www.bilibili.com/video/BV1ro4y1o7KS,453384261,-Diligence,3,-1
补个作业https://www.bilibili.com/video/BV1ro4y1o7KS,453384261,-Diligence,3,-1
嘿！饼叔[呆],430677154,看到我请叫我美女_,4,-1
美女无奈回复野兽[拥抱][拥抱][拥抱],670637456,蟹老板0420,3,-1
助力20w,158667120,迪栗狸子,4,-1
支持饼叔！[辣眼睛],257143427,熊淼淼和熊炎炎,3,-1
回复 @Lleechen :后浪拍死前浪了哟[滑稽],141554433,LH小布,4,-1
冰冰在哪个直播平台直播,1151549145,小兔埋地雷吖,2,-1
大开大合，饼叔好丑,24094253,waij1031,5,-1
回复 @地表最强小公举吹 :不至于,382386623,男丁格尔邓中明,4,-1
[热词系列_知识增加],487273664,峻锅粿,4,-1
评论？,2086329,我是苏然,4,-1
回复 @吃花椒的喵酱 :活捉冰冰,107314185,上花轿的喵酱,5,-1
...,32477876,leo李乐多,5,-1
回复 @吃花椒的喵酱 :[呆]现在几级了冰姐姐？,1893034328,见鬼非人哉,2,-1
冰冰真可爱,399466242,撒那特思的小芯,3,-1
[呆],384349182,老车坝坝主,4,-1
大叔和冰冰是我最喜欢的两个记者了,12197500,Mike_班,5,-1
[呆],291942074,听起风下雨了,4,-1
排面排面,18427790,澜婶儿,5,-1
[呆],642283332,往事随芬,4,-1
1,523558728,褚学生,2,-1
回复 @地表最强小公举吹 :味够呛,398095721,不正经的M-M,4,-1
来了[doge],413321453,ChiminChan,3,-1
回复 @狗狗pa了faker :哈哈哈(ಡωಡ)hiahiahia,278963567,炎樱魔术卡,5,-1
真好,324247630,马甲纹身多金男_,4,-1
[呆][呆][呆][呆],433961557,SJJ_Star,3,-1
这个表情太形象了，简直就是为了本人量身打造的，哈哈哈[偷笑][偷笑][偷笑],22028,⑨是路过,5,-1
[呆][呆][呆],346133188,嘏凉,5,-1
回复 @吃张扬的冰冰 :我就叫张扬[呆][呆],418070942,且容我伸伸腰,3,-1
回复 @且容我伸伸腰 :吃新华社的张扬[嗑瓜子][doge],471432607,吃张扬的冰冰,5,-1
嘿嘿嘿嘿嘿，饼叔[呆][呆][呆],625999110,来世不可待往事不可追,3,-1
[呆][呆][呆][呆][呆][嫌弃],502787738,CORSAK子灵,2,-1
回复 @吃花椒的喵酱 :[呆][呆],68172848,再无它傍身,4,-1
回复 @EasonChhhhhhh :主页搜索【王冰冰】追光者,693534510,光Sunyear,3,-1
回复 @狗狗pa了faker :主页搜索【王冰冰】追光者,693534510,光Sunyear,3,-1
[热词系列_知识增加],549666566,农夫三拳有点冰,2,-1
嘿，b站白混了,319715711,一大碗本地鸡汤,4,-1
饼叔好啊[呆][呆],630771621,慕宝最帅了,3,-1
回复 @吃花椒的喵酱 :冰冰姐姐，请问一下vlog1中的炕是在蒙古包中吗？[疑惑],393704997,雾-小白,3,-1
[呆],448240782,是郭小嘟鸭,3,-1
[呆][呆][呆],389171518,呆毛为何穿黑丝,4,-1
嘿，饼叔[呆],318023623,官网资源,3,-1
饼叔！,630771621,慕宝最帅了,3,-1
你也来了,630771621,慕宝最帅了,3,-1
[呆],630771621,慕宝最帅了,3,-1
回复 @地表最强小公举吹 :[妙啊],439038495,藏进路人详谈,3,-1
嘿，饼叔[呆],620891196,重启七号,3,-1
[呆],24847322,咣咣咣咣丶,4,-1
[呆][呆][呆],450972668,李天赐哈哈哈,4,-1
2060.6w[OK],489301746,呲花椒的喵酱,4,-1
是您把鬼子带到这的,8637176,Van琰,5,-1
[呆][呆][呆],620156430,我要嘿嘿嘿88,4,-1
[呆][呆],284662067,白辞Howaitosupichi,5,-1
经典永流传[嗑瓜子],269888158,儍de桔梗,4,-1
回复 @吃花椒的喵酱 :感觉刚开始出境的那个叫卖雪糕的老哥好眼熟,351218462,不啦不啦BBBB,4,-1
[呆][呆][呆]你来了嘿！,36886951,威海的秋风,4,-1
叔,1158339782,雨果-根斯巴克,2,-1
嘿，饼叔[呆],416498237,咸鱼之外的咸鱼,4,-1
嘿，饼叔[呆],455680208,星觉客,4,-1
嘿，饼叔[呆],94163707,隔壁小郭呀,4,-1
[呆][呆][呆],1106557702,猫-我看戏,3,-1
回复 @狗狗pa了faker :美女与野兽[doge],525633215,普通的一个人r,4,-1
[给心心],403894253,我的心是冰冰的了,4,-1
嗯，我来了！[吃瓜],410574751,遇见数据,4,-1
[热词系列_打卡][热词系列_打卡][热词系列_打卡],670299602,我在敕勒川恋爱了,4,-1
[呆],249516516,Lu小昭,5,-1
嘿，饼叔[呆],542121348,吃椒冰的猫酱,4,-1
哈哈,514212434,石同学会瘦,3,-1
嘿，冰叔[呆],690038844,青青不要吃柠檬,3,-1
"l156s08sjd357022638xx86l
@食贫道 q88f51pugnxry8qa6hk01l75y2",231016875,bili_231016875,5,-1
[嗑瓜子],35258633,一般冲浪男性,5,-1
[呆],38504924,想不起什么好名字了,5,-1
粉丝比饼叔高了 哈哈哈哈哈哈,368624436,昭阳ya,4,-1
回复 @吃花椒的喵酱 :嘿，老婆[呆],542121348,吃椒冰的猫酱,4,-1
哦[酸了],1638279423,Wangouwang,2,-1
嘿，饼第[妙啊],1638279423,Wangouwang,2,-1
